10:51:33.895 | 0f 01 08 2c 20 6b 2b b0 24 4b 26 55 5a 56 2a e8  |  -96 CRC error
10:51:35.190 | 0d 46 00 48 2a 99 2b 6b 1e 0d 1a 52 22 76 19 1f  |  -99 CRC error
10:51:35.712 | 0f 1a a0 62 16 6d 12 55 2a 7b 2c 67 11 f6 57 a5  |  -92 CRC error
10:51:36.490 | 0f 0b 08 84 23 eb 52 4a 23 19 14 e7 29 85 1d cf  | -103 CRC error
10:51:36.756 | 0f 2c 00 94 22 4f 20 c5 31 6b 15 57 14 34 1f f0  | -100 CRC error
10:51:37.793 | 0f 10 24 c0 1f 9a ac 71 21 2c 21 7f 1e f7 24 92  | -100 CRC error
10:51:47.629 | af 36 02 aa 9e aa 19 95 54 14 24 2a 1f 91 59 f5  |  -98 CRC error
10:52:22.378 | 0f bc 08 d0 1d c5 20 05 2b 60 1a 89 26 e0 21 59  |  -97 CRC error
10:52:22.629 | 0f bd 08 dc 1f 13 1f b9 15 66 10 9c 1e 2f 1b be  |  -96 CRC error
10:52:23.414 | 0f c0 09 00 21 1b 18 e6 1e 27 24 32 15 0e 24 f3  |  -95 CRC error
10:52:24.968 | 0f c6 09 48 2b 87 13 28 27 19 22 8d 26 32 12 2c  |  -98 CRC error
10:52:25.487 | 4f c8 49 54 25 31 1a 93 17 4b 19 b6 1e 0c 28 5e  |  -97 CRC error
10:52:25.739 | 4b c9 49 6c 21 91 17 f5 23 21 55 54 2f 59 26 8d  |  -97 CRC error
10:52:26.007 | 0f ca 09 70 16 e4 19 69 24 b9 28 88 1c 72 23 1d  |  -96 CRC error
10:52:26.529 | 0f 4c 09 90 22 c6 16 e0 a5 13 23 21 19 dd 31 1c  | -100 CRC error
10:52:27.032 | 0f ce 09 a8 20 c3 21 75 1a a7 21 a9 1b 4c 02 0d  |  -98 CRC error
10:52:27.301 | 0f cf 09 b4 18 ec 23 9d 26 cf 22 3f 1c 5b 22 5b  | -101 CRC error
10:52:27.558 | 4f d0 09 c4 26 6d 54 ad 29 ec 99 7c a2 8a 25 bb  |  -97 CRC error
10:52:28.329 | 0f d1 09 e4 1f 37 5a c7 2b f9 2b 04 5d d6 a4 55  |  -96 CRC error
10:52:28.597 | 4f d4 09 f0 1d bd 2c 41 2a 7e 30 cd 20 4f 1d 94  | -102 CRC error
10:52:29.103 | 0f d6 0a 08 22 aa 58 7f 18 eb 22 0f 18 2f 0d 6b  |  -99 CRC error
10:52:29.893 | 0f d9 0a 2c 26 05 1c c2 28 6a 23 ad 2e 35 14 dc  |  -96 CRC error
10:52:30.414 | 0e d5 0a 44 1d 2a 1d 2a 2a 94 16 a6 a5 75 25 c7  |  -99 CRC error
10:52:30.676 | 0d dc 0a 50 2e 2d 0e 13 22 94 2d 34 22 90 1c 98  |  -99 CRC error
10:52:31.188 | 0f de 0a 68 1f 51 25 c8 1f 4e 22 a9 1f 90 27 f2  |  -99 CRC error
10:52:31.441 | 8f df 0a 74 21 ae 10 52 2c 9a 1f e3 27 6a 0f b7  | -101 CRC error
10:52:31.962 | 0d e1 0a ac 96 84 17 b6 1d c9 1c a7 22 2e 18 bc  |  -97 CRC error
10:52:32.478 | 0f e3 0a a4 2c 7f 24 13 19 ec 29 db 12 ec 25 2d  |  -97 CRC error
10:52:32.744 | 0f e4 0a b0 1d bc 20 d5 21 15 13 17 20 b7 20 7b  |  -99 CRC error
10:52:32.997 | 0f e5 0a bc 0d bb 28 56 22 2c 21 4a 12 5d 24 d5  | -101 CRC error
10:52:33.525 | 0f e7 0a d4 1a 05 20 cd 2e 6e 17 df 1c ff 19 9e  | -100 CRC error
10:52:33.777 | 07 eb fe e0 2d 22 13 44 0c bc 1c 26 2c d2 18 66  |  -98 CRC error
10:52:34.039 | 2a e9 0a ec 28 f4 26 59 18 00 1d d2 23 81 1a 80  |  -99 CRC error
10:52:34.295 | 0f ea 0a f8 22 7e 1e 52 0b 29 1a b9 20 eb 18 07  |  -98 CRC error
10:52:35.598 | 0f ef 0b 34 21 dc 21 c0 18 a5 29 97 21 10 28 76  |  -99 CRC error
10:52:35.851 | af f0 4b 42 a4 85 5f ec 58 14 2b 6f 22 cb 5b d5  |  -99 CRC error
10:52:36.893 | af f4 2b 70 27 50 2f 54 a0 db 26 9d 17 8d 55 71  |  -99 CRC error
10:52:37.397 | 4f f6 2b 88 24 1b 20 c4 22 95 5a ab 25 01 27 72  | -100 CRC error
10:52:37.666 | 8f f7 0b 94 1f 59 27 2a 17 cb 0a ba ab 3d 1c 4d  | -100 CRC error
10:52:38.440 | 0f aa 0b ba 1f 5f ff 2f 16 b9 20 cb 1a c3 32 7e  | -100 CRC error
10:52:39.746 | 4b ff 0b b4 29 cd 24 18 11 54 2d ab 5a 3e 15 f4  | -101 CRC error
10:52:40.520 | 8f 42 0c 98 54 68 30 6e 24 9d 2a f5 27 f2 a9 4b  |  -96 CRC error
10:52:44.666 | 0f 12 0c d8 1a 83 28 c4 14 72 aa fa a5 29 5f d5  |  -98 CRC error
10:52:45.186 | 0f 14 2c f0 25 03 2f f7 25 c0 1d ed 1e eb 1b 18  |  -97 CRC error
10:52:45.706 | 0f 16 0d 08 17 30 23 06 2b ab 20 52 59 37 1a 89  | -102 CRC error
10:52:46.225 | 0f 18 0d 28 10 f9 23 1c 17 ef 19 57 1a 59 19 4b  | -100 CRC error
10:52:46.478 | 0f 19 0d 2c ab 10 22 35 17 c3 2a 6d 23 60 1c c8  |  -96 CRC error
10:52:46.739 | 0f 1a 0d 39 2b 10 24 ea 5f 09 20 37 20 8c 24 b8  | -100 CRC error
10:52:46.999 | 0f 1b 0d 44 1e 2e 16 85 26 4f 10 ac 1c 51 27 19  |  -97 CRC error
10:52:47.253 | 0f 1c 0d 50 26 df 15 e1 20 80 17 a6 20 c7 21 6a  |  -98 CRC error
10:52:47.776 | 0f 1e 0d 68 21 5a 27 8d 55 55 2a b5 2d 5f 2f 9b  | -101 CRC error
10:52:48.813 | 0f 22 0d 98 22 30 19 25 20 e6 2c 43 16 63 20 14  |  -96 CRC error
10:52:49.336 | 0f 24 0d b0 20 f3 18 a9 48 a8 2a 52 05 58 0a 49  |  -96 CRC error
10:52:49.842 | 4f 26 2d 48 1e 96 2b 20 1b 7f 29 b9 2c 62 52 8b  | -101 CRC error
10:52:50.368 | 0f 29 2d e0 2b 85 1f eb 23 93 1c 79 1d 25 26 11  |  -97 CRC error
10:52:50.882 | 0f 2a 0d fa 59 ef 20 4a 5f 62 29 34 20 3d 16 57  |  -98 CRC error
10:52:51.654 | 0f 2d 4e 1c 23 76 21 19 25 0a 25 bf 28 29 22 4b  |  -98 CRC error
10:52:52.966 | 0f 3f aa d5 52 ca aa af 55 47 f5 5f aa a8 29 f1  |  -93 CRC error
10:52:53.217 | 0f 33 0e 64 2c a2 16 1e ac 11 20 a0 14 06 25 9f  | -101 CRC error
10:52:53.478 | 0b 35 0e 72 1a ac 1e 5a a4 54 23 6a 1a 5d 24 8e  | -100 CRC error
10:52:53.991 | 0f 36 0e a8 25 08 22 9b 57 99 22 50 26 81 25 b5  | -101 CRC error
10:52:54.260 | 0f 37 0e 94 24 61 2a 1c 25 a7 17 88 22 df 15 74  | -102 CRC error
10:52:54.781 | 0f 39 0e ac 17 3f 23 34 1a 65 2e ce 23 d3 28 06  |  -96 CRC error
10:52:55.559 | 0f 3c 04 04 8a 22 20 28 12 a1 02 02 20 20 02 84  |  -98 CRC error
10:52:55.807 | 0f 3d 0e dc 22 be 99 27 15 70 1f 9e 23 23 1f 38  | -102 CRC error
10:52:56.329 | 0f 3f 0e f4 22 75 2a 99 13 51 22 9a 21 eb 1d 96  | -102 CRC error
10:52:56.585 | 0f 40 0f 00 15 d4 1b 08 24 99 19 59 1d 67 30 0b  |  -99 CRC error
10:52:56.852 | 4f 41 0f 0c 20 04 22 23 14 47 29 d5 16 55 56 a3  |  -99 CRC error
10:52:57.106 | 0f 42 0f 18 27 5d 20 aa 92 f2 24 a5 5a ba a9 17  |  -96 CRC error
10:52:57.358 | 0f 43 0f 24 17 cb 1a 1c 22 c9 1a 73 13 b7 1e a6  |  -97 CRC error
10:52:57.626 | 0f 44 0f 30 18 2a 33 80 ad b3 2a 46 1b 53 1d 3e  | -103 CRC error
10:52:58.147 | 0b 46 0f 48 20 03 5c 2b 20 51 25 99 25 5f 20 6b  | -100 CRC error
10:52:59.963 | 8f 4d 2d 9c 25 a3 1c 99 18 4c 95 0c aa de 23 0c  | -101 CRC error
10:53:00.990 | 0f 51 4f cc 6c b8 23 29 5b ae 9d 2d 29 50 9c 1c  |  -98 CRC error
10:53:02.296 | 0d 56 10 08 20 26 aa a9 29 2a 24 45 5a ca ab 55  | -101 CRC error
10:53:02.555 | 0f 57 10 14 19 49 26 b2 2a aa aa d5 2a ad 5a a7  |  -97 CRC error
10:53:03.071 | 0f 59 10 2c 1c 15 25 d3 22 b3 13 98 29 2a 1b ad  | -100 CRC error
10:53:04.100 | 0f 5d 10 5c 24 32 1f df 13 48 14 7f 22 b7 24 30  | -100 CRC error
10:53:04.371 | 0f 5e 10 68 1e ad 1f da 12 8b 12 0a 25 50 2b fe  | -102 CRC error
10:53:04.625 | 0f 5f 10 74 2d 42 1d 99 19 5e 23 f3 11 46 29 72  | -101 CRC error
10:53:04.875 | 2f 60 10 80 19 fc 16 6f 1e a2 24 f6 2a 42 26 b2  | -100 CRC error
10:53:05.920 | 0f 65 14 b0 13 b5 1d 3d 55 19 20 b5 21 10 2e 55  | -105 CRC error
10:53:06.694 | ab 67 10 d4 5c 5b 17 93 16 aa aa bd 5b 5a 95 6a  | -101 CRC error
10:53:06.962 | 0f 68 90 e0 58 01 26 b7 22 f4 a4 f9 1e 4f 21 fd  |  -98 CRC error
10:53:07.216 | 0d 69 10 ec 1d 67 2d e8 1d 61 1e 42 12 c1 1c b4  |  -99 CRC error
10:53:08.257 | 2f 6d 55 1c 2c 67 1f 0b 1e 2f 24 67 1b 7c 1f 77  | -103 CRC error
10:53:09.030 | 0f 52 11 50 2a ab 18 a3 28 5a 24 94 2b 41 27 ff  |  -98 CRC error
10:53:09.283 | 0f 71 11 44 a0 02 0e df 20 22 25 73 26 8a 2e 15  | -100 CRC error
10:53:09.805 | 0f 73 11 64 1c bd 21 7e 1b 0e 2c f5 2a 9a 18 e0  |  -98 CRC error
10:53:10.326 | 8f 75 11 7c a1 6f 5f 4c 15 aa 1e ab 15 d8 2c 6a  |  -99 CRC error
10:53:10.844 | 2f 77 12 94 29 38 19 bc 27 6d 55 7a 2a a5 54 aa  | -103 CRC error
10:53:12.665 | 0f 7e 11 a8 12 b6 17 4c 2b d1 22 07 1e e8 1b 26  |  -99 CRC error
10:53:14.207 | 0f 84 12 30 19 71 26 9b 21 f2 1e a2 1a 7d 18 a0  | -101 CRC error
10:53:17.585 | 0f 90 92 c8 26 a8 1e 58 28 ac 22 de 1c 3f 5a 4a  |  -97 CRC error
10:53:18.107 | 0f 93 12 e4 1a 69 25 dd 15 b7 24 48 0d 83 19 6e  |  -97 CRC error
10:53:18.626 | 0f 95 12 ec 2e ad 21 4d 1c 8d 27 01 26 17 28 29  | -101 CRC error
10:53:18.882 | 0f 96 13 08 1f 94 1f 13 1f 1c 2f cb 2a 55 2b e4  |  -97 CRC error
10:53:19.133 | 0f 97 13 14 1c 5a 28 e0 1e 1f 1a 87 21 db 22 b8  |  -99 CRC error
10:53:19.401 | 0f 98 13 20 1e 01 26 75 23 8f 29 27 1c 6f 25 80  |  -96 CRC error
10:53:20.694 | 2f 9d 5b 5d 50 bf 2a 89 2a f9 27 d7 11 72 27 7f  | -101 CRC error
10:53:22.759 | 8f a5 12 ac 2c d5 4f 2d 11 36 28 c6 1b a9 1c 8f  | -102 CRC error
10:53:23.281 | 0e a7 13 d4 29 69 25 6d 25 41 25 01 0d 2e 1d 1f  | -102 CRC error
10:53:24.105 | 0f aa 93 f8 39 7a 18 ce 1d f3 1e 22 16 2a 1e af  | -101 CRC error
10:53:24.324 | 0f ab 14 04 2a 2b 21 d6 19 92 33 3e a4 8a 25 79  |  -99 CRC error
10:53:24.580 | 0f ac 14 10 1d df 23 c7 1b 47 27 08 29 bf 22 ea  | -100 CRC error
10:53:24.845 | 0f ad 14 1c 19 72 2c 6c 17 b4 1f 19 25 ac 1d 61  |  -97 CRC error
10:53:25.620 | 0f b0 14 40 2a cf 1c a9 23 1d 1d 94 1e 2c 2c b6  |  -98 CRC error
10:53:26.138 | 8b aa 94 5a 14 59 1a ba 27 34 57 d7 14 86 ad 5c  | -101 CRC error
10:53:27.433 | 0f b7 14 94 12 33 1a d8 32 7a 25 12 1d 90 26 8f  |  -97 CRC error
10:53:29.251 | 0f be 14 e9 29 0b 1f d4 20 49 14 55 16 cb 28 21  | -100 CRC error
10:53:33.919 | 0f 50 15 c0 19 a7 1e b5 1b e1 55 55 2a aa 2b 55  |  -98 CRC error
10:53:34.439 | 95 57 55 d5 d5 56 aa a7 f5 5a aa a3 28 53 24 fb  |  -93 CRC error
10:53:35.731 | 0f d7 16 14 29 c1 28 5d 1e 75 27 b8 11 65 25 0d  |  -99 CRC error
10:53:37.029 | 0f dc 16 50 18 c9 12 ce 30 49 1b 19 2a 9a aa a5  | -100 CRC error
10:53:37.548 | 0f de 16 68 23 65 21 95 2c 88 96 26 15 90 22 58  | -101 CRC error
10:53:38.841 | 0f e3 16 a4 1b be 21 61 14 50 20 9c 1c 47 1d ca  |  -95 CRC error
10:53:40.134 | 0f 68 16 e0 98 4b 19 51 29 cd 16 29 23 76 24 a6  |  -97 CRC error
10:53:40.656 | 0f ea 36 f8 21 5f 24 a3 24 90 23 a8 1b f0 25 65  |  -97 CRC error
10:53:40.909 | 0f eb 17 04 1f 55 17 80 13 a3 2f b5 17 0f 16 a7  |  -97 CRC error
10:53:41.953 | 0f ef 17 34 1e bc 25 6a 1e 70 aa 39 26 92 1a 52  | -100 CRC error
10:53:42.991 | 0f f3 17 64 2c 53 26 29 2f 00 24 55 5e 2e 19 0a  |  -96 CRC error
10:53:43.244 | 0f f4 17 50 1e a0 a5 65 2f 71 23 5a 5d a5 5e 8c  |  -99 CRC error
10:53:44.018 | 8f b7 17 94 24 9a 1e 44 21 18 16 52 53 ba 2f db  |  -99 CRC error
10:53:44.285 | 0f d9 17 a0 29 9d 1e 36 08 52 22 fd 1b c9 5c 96  |  -98 CRC error
10:53:46.350 | 0f 10 18 00 27 e6 26 1b 23 05 23 d7 20 f5 15 83  |  -93 CRC error
10:53:46.623 | 0f 21 18 0c 11 2b 27 52 59 d5 1b a7 10 cf 21 b5  |  -97 CRC error
10:53:47.914 | 0f 06 18 48 20 9e 13 84 22 c8 9e c7 1d 3f 1f 3b  | -100 CRC error
10:53:48.434 | 0f 09 58 60 b6 ad 24 7d 50 1f 1a 50 16 51 29 ca  |  -99 CRC error
10:53:50.250 | 4d 0f 1a b4 24 59 29 5d 1f a1 10 97 19 53 0b dd  |  -98 CRC error
10:53:51.275 | 2b 13 18 e4 1e e4 97 96 28 3e 20 de 0c 97 1e d4  |  -96 CRC error
10:53:51.544 | 2f 14 18 f0 15 dd 22 74 28 4c 19 d4 24 1f 1c fe  |  -98 CRC error
10:53:53.877 | 0f 1d 19 5c 2a c2 a0 bf 2d b5 12 00 22 5b 5d 2a  |  -95 CRC error
10:53:54.397 | 0d 17 19 74 97 25 5a 55 1b 04 2a c5 24 ea 0c 8b  |  -95 CRC error
10:54:01.134 | 8f 39 5a b5 4a ad 1a ab 56 ab 69 55 58 b7 55 55  | -103 CRC error
10:54:29.131 | 0f a5 1d bc 57 36 2e ea 10 16 1a 6f 17 b1 19 54  |  -97 CRC error
10:54:29.380 | 0f a6 1f c8 25 b2 28 f1 21 f8 11 f4 1e 09 25 d6  |  -96 CRC error
10:54:29.651 | 0f a7 1f d4 2f 28 26 b8 1f 1d 12 cc 1f 63 30 21  |  -95 CRC error
10:54:29.903 | 0f a8 1f e0 23 57 26 aa 16 29 2b bc 1a b5 22 95  |  -91 CRC error
10:54:30.165 | 0f a9 1f ec 27 4d 2a ae 0f 33 1a d9 28 26 2a b5  |  -93 CRC error
10:54:30.428 | 0f aa 1f f8 29 21 20 02 2a a5 19 2d 22 4d 22 89  |  -90 CRC error
10:54:30.679 | 0d ab 28 24 25 da 5d 33 47 69 08 c5 1e 85 10 4e  |  -92 CRC error
10:54:31.199 | 95 ad 28 1c 1e fc 16 aa 13 02 27 5d 2a 50 97 2b  |  -89 CRC error
10:54:31.718 | 4f ad 28 34 21 de 20 5e 26 0d 23 d3 21 32 1a 12  |  -92 CRC error
10:54:32.238 | 0f b1 20 4c 1b e6 20 a2 1d ad 25 c3 24 b9 2b 33  |  -94 CRC error
10:54:33.539 | 0f b6 20 88 1c 34 22 28 29 81 13 47 12 65 22 e4  |  -99 CRC error
10:54:36.130 | 0f c2 a1 01 1c cd 28 7c 9a b2 99 6b 15 5a 25 15  |  -98 CRC error
10:54:39.489 | 0f cd 21 9c 1b 8e 26 ee 0b 47 23 c8 1e ae 1f 35  |  -96 CRC error
10:54:40.010 | 0f cf 61 b4 1f 8c 1f 54 1d 99 1c ca 1e 87 15 e7  |  -97 CRC error
10:54:40.796 | 0b d2 25 d8 21 c2 1c b6 23 94 26 64 14 b2 1e b5  |  -95 CRC error
10:54:41.049 | 4b 53 21 e4 2a 2e 0c 72 1d 12 0d 21 16 85 23 39  |  -96 CRC error
10:54:41.828 | 0f d6 a2 08 0a d5 27 13 24 dc 23 a9 1f bd 2a 49  |  -95 CRC error
10:54:42.094 | 0f d7 36 94 1d c1 13 97 1e 98 23 0b 19 bc 19 58  | -101 CRC error
10:54:43.385 | 0f dc 22 50 28 a4 18 10 17 d8 2b 6c 25 57 14 3a  |  -97 CRC error
10:54:43.646 | 0f dd 22 5c 16 52 28 3a 27 6d 0a e7 27 5f 19 f4  |  -97 CRC error
10:54:43.905 | 0f de 22 68 19 45 2c d8 28 c8 28 5b 26 95 28 f9  |  -98 CRC error
10:54:44.426 | 0f e0 22 80 1f 1e 1e 0f 21 36 1b 46 17 40 12 0e  |  -95 CRC error
10:54:44.948 | 0f e2 22 98 21 c8 1c 19 1c 9f 17 37 22 9e 21 2e  |  -95 CRC error
10:54:45.455 | 0d d4 22 b0 25 ac 27 64 20 a8 a5 7d 2d ed 1f 66  |  -96 CRC error
10:54:46.753 | 0f e9 2a ac 2b a5 4a a0 5a 54 20 90 22 e5 28 69  |  -96 CRC error
10:54:47.017 | 0f ea 22 f8 20 a9 18 54 29 bd 1c 69 11 ed 1d 9f  |  -98 CRC error
10:54:47.270 | 0b eb ff 04 15 16 1e ad 1b 28 27 b2 1b d3 2b 3d  |  -96 CRC error
10:54:48.054 | 0f aa 23 28 15 f4 24 38 29 16 1b 55 1d 27 1f a8  |  -90 CRC error
10:54:48.576 | 0f f0 23 40 18 44 1a 25 1a f6 14 aa 9b fe 22 d5  |  -95 CRC error
10:54:49.605 | 0f f4 23 70 1a 15 15 69 54 f1 1e 0d 11 fc 16 2c  |  -95 CRC error
10:54:50.126 | 0f f6 23 88 19 ed 25 e4 16 75 19 8f 1c da 1e c7  |  -95 CRC error
10:54:50.377 | 0f f7 23 94 1c cc 31 96 22 d7 25 b9 22 3a 15 76  |  -98 CRC error
10:54:51.165 | 0f fa 23 b8 1b e6 29 30 1a d5 25 70 15 ea 24 2c  |  -97 CRC error
10:54:51.419 | 0f fb 23 c4 1e 94 0e 4d 24 f8 24 f8 1b 04 2e ca  |  -94 CRC error
10:54:51.671 | 17 dc 23 d0 25 6e 13 53 20 01 2b 1c 31 2f 21 0b  |  -96 CRC error
10:54:52.194 | 0f fe 23 e8 1e 64 29 0b 2c 16 9a 8a 29 6b 57 f1  |  -97 CRC error
10:54:53.499 | 0f 03 24 24 1c c7 15 35 14 6a 1a fa 25 85 1d ba  |  -93 CRC error
10:54:53.757 | 0f 04 24 30 1d 6f 26 29 26 7b 23 b7 22 d0 23 4c  |  -96 CRC error
10:54:54.005 | 0f 05 24 3c 1e da 1e 3d 23 8f 21 39 2b d3 12 14  |  -95 CRC error
10:54:54.274 | 0f 06 24 48 28 ee 1d 61 1a 62 2a 41 1d 20 1f 30  |  -97 CRC error
10:54:54.526 | 0f 07 25 ff ff ac 21 c7 1a 0c 26 73 16 33 2f 69  |  -96 CRC error
10:54:55.049 | 2f 09 24 6c 26 5c 25 34 28 bc 20 14 13 8a 2b df  |  -94 CRC error
10:54:55.571 | 0b 0b 24 84 20 5b 21 6d 26 68 1b 75 11 1b 21 46  |  -94 CRC error
10:54:56.594 | 0f 0f 24 b4 23 43 25 c8 1d 17 25 4a 10 5e 18 d2  |  -97 CRC error
10:54:56.865 | 0f 10 24 c0 17 48 22 ef 29 17 1c 9b 22 17 24 88  |  -96 CRC error
10:54:57.115 | 0f 11 24 cc 11 d2 15 e3 21 e8 23 77 1a 0f 20 5d  |  -95 CRC error
10:54:57.645 | 0b 13 24 e4 21 75 27 f9 2a e9 23 6e 1c a9 19 e3  |  -95 CRC error
10:54:58.674 | 0f 17 25 14 14 bd 20 34 ab e5 28 93 36 99 1f 69  |  -96 CRC error
10:54:59.460 | 0f 1a 25 38 28 5f 1e de 16 52 20 d1 14 60 29 07  |  -95 CRC error
10:54:59.713 | 0f 1b 25 44 1e 0b 22 ab 20 3a 2f a6 a4 a5 1b 00  |  -92 CRC error
10:54:59.968 | 0a 1c 25 50 21 0f 1b 50 1f 9f 19 ce 18 be 1d 6f  |  -95 CRC error
10:55:00.237 | 0f 1d 25 5c 1a d7 2e 92 14 24 15 49 33 db 2c 45  |  -95 CRC error
10:55:00.491 | 0f 1e 25 68 1a 14 25 0d 26 ed 21 55 2d 7b 29 43  |  -95 CRC error
10:55:01.012 | 2f 20 25 80 24 3e 20 2e 23 5d 26 00 2e ae 1a 55  |  -93 CRC error
10:55:01.787 | 0f 23 25 a4 24 92 28 98 1a 66 29 1b 28 91 24 d8  |  -93 CRC error
10:55:02.050 | 0f 24 25 b0 2d c7 36 3f 25 8b 29 d4 19 ca 5a b4  |  -97 CRC error
10:55:02.568 | 0f 26 25 c8 23 6c 26 5c 2b f0 14 bf 26 36 28 6f  |  -95 CRC error
10:55:02.822 | 0f 27 25 d4 aa f7 5c fc 28 03 1e f4 16 87 18 3d  |  -94 CRC error
10:55:03.349 | 0f 29 25 e4 a3 28 2a cc 1a a9 25 e7 2b 0f 22 aa  |  -93 CRC error
10:55:03.598 | 0f 2a 25 f8 2d 68 10 fd 1c 33 22 6c 17 be 1c 23  |  -94 CRC error
10:55:03.867 | 0f 2b 26 04 21 f3 22 cf 23 55 1c b8 2a 6a 16 c0  |  -93 CRC error
10:55:04.114 | 0f 2c 26 10 14 50 1b cd 17 eb 2c 93 2b 05 19 98  |  -96 CRC error
10:55:04.384 | 0f 2d a6 1c 1c b0 28 5d 1f 90 1f 41 1f 93 13 29  |  -93 CRC error
10:55:05.673 | 0f 32 26 58 30 38 21 3d 27 cd 15 6b 24 38 1b aa  |  -94 CRC error
10:55:05.926 | 0f 33 26 64 1e 8e 26 68 26 59 20 50 18 c5 1d 54  |  -95 CRC error
10:55:06.195 | 0f 34 26 70 1c bd 1a de 1b 6e 1c 88 1e 84 1a fc  |  -97 CRC error
