10:40:17.478 | 0f 15 00 fc 14 8d 10 8a 19 f2 28 e8 16 b1 20 34  |  -89 CRC error
10:40:17.998 | 0f 17 01 14 1e e7 24 5c 1c 86 0f e2 2b 78 21 6a  |  -90 CRC error
10:40:18.249 | 0f 18 01 20 28 4f 17 0e 2b d1 28 60 24 09 13 7e  |  -87 CRC error
10:40:18.507 | 0f 19 01 2c 1c dd 13 f7 2d 69 1a 7e 1a 33 12 42  |  -91 CRC error
10:40:18.760 | 0f 1a 01 38 21 7d 1d 3d 1f 75 2a f7 1b cb 26 f9  |  -91 CRC error
10:40:19.030 | 0f 1b 01 44 28 6c 27 d3 2f 4a 18 bf 16 40 26 e7  |  -90 CRC error
10:40:19.802 | 0f 1e 01 68 19 d1 29 b7 22 c3 13 a2 19 89 19 3f  |  -94 CRC error
10:40:20.323 | 0f 20 01 80 24 0e 15 94 2f ff f5 55 75 ed 55 56  |  -89 CRC error
10:40:20.577 | 0f 21 01 8c 24 3d 2d 35 1f 9a 1f c8 16 bb 23 8b  |  -92 CRC error
10:40:21.362 | 0f 24 01 b0 24 f0 20 2e 5e bc 18 3d 14 b3 23 28  |  -91 CRC error
10:40:21.619 | 0f 25 41 bc 1c 41 13 af 20 61 21 60 11 14 16 d0  |  -93 CRC error
10:40:22.663 | 2d 29 01 ec 13 ae 1f 56 16 d8 19 31 25 dd 24 2a  |  -89 CRC error
10:40:22.922 | 0f 2a 01 f8 23 b0 1d 16 26 f1 22 60 1d e0 24 ad  |  -89 CRC error
10:40:23.180 | 0f 2b 02 04 15 b4 26 48 3a f5 25 94 1a 07 21 5a  |  -88 CRC error
10:40:23.441 | 0f 2c 02 10 19 67 14 cd 23 50 1a 85 20 c1 19 92  |  -89 CRC error
10:40:23.960 | 0f 2e 02 28 1e 56 0e 8d 20 a2 22 d0 1a d9 1b 04  |  -91 CRC error
10:40:24.221 | 0f 2f 02 34 14 8a 2e 28 24 44 1c 4b 0f 9e 23 8f  |  -91 CRC error
10:40:24.478 | 0f 30 02 40 28 01 2d 49 1e a8 18 08 1c 1c 19 f4  |  -90 CRC error
10:40:24.738 | 0f 31 02 4c 1a 82 1e d4 29 89 13 38 20 47 16 28  |  -89 CRC error
10:40:24.995 | 0f 32 02 58 20 ed 1f bc 1d 6e 27 8b 20 c9 1e ec  |  -87 CRC error
10:40:25.256 | 0f 33 02 64 1a c7 2a 2a 1f 01 18 65 2b de 15 9a  |  -90 CRC error
10:40:26.031 | 0f 36 02 88 1f 0a 19 b7 1c 14 24 3a 1f 91 19 f5  |  -89 CRC error
10:40:26.810 | 0f 39 02 a4 11 17 24 91 1b 3a 1e 83 16 15 0d 92  |  -93 CRC error
10:40:27.066 | 0f 3a 02 b8 17 22 1b ec 14 6a 1a f6 1f ec 2c 9d  |  -89 CRC error
10:40:27.841 | 0f 3d 02 dc 25 11 27 b4 1a 1b 22 2a 26 83 1e 6c  |  -90 CRC error
10:40:28.093 | 0f 3e 02 e8 23 e7 25 a2 9d 64 a9 e9 26 af 5d 3d  |  -91 CRC error
10:40:28.362 | 0f 3f 02 f4 24 b4 2b a8 25 2c 1f f1 17 6b 13 e6  |  -90 CRC error
10:40:28.613 | 0f 40 03 00 1e 36 18 c2 22 cd 29 d2 19 38 1a 62  |  -87 CRC error
10:40:28.881 | 0f 41 03 0c 1f 10 17 51 25 b3 1e 41 2f 64 26 b5  |  -86 CRC error
10:40:29.134 | 0f 42 03 18 16 c2 0b 2a 25 10 16 19 22 12 0e 6e  |  -86 CRC error
10:40:29.656 | 0f 44 03 30 08 a6 1d 35 27 4b 24 a9 0f 8f 13 73  |  -89 CRC error
10:40:29.914 | 0f 45 03 3c 20 ff 34 a4 21 cd 24 09 1c f0 27 3e  |  -90 CRC error
10:40:30.178 | 0f 46 03 48 1f 27 1b 9b 16 18 1b 0d 1e fd 2b 0a  |  -91 CRC error
10:40:30.700 | 4f 48 03 60 10 71 27 54 54 73 2c 6a 1e 89 32 62  |  -89 CRC error
10:40:30.955 | 0f 49 03 6c 9b 47 23 73 26 c9 1f 55 13 a5 22 c0  |  -89 CRC error
10:40:31.214 | 0f 4a 03 78 0a 5e 23 d0 17 3c 22 41 21 55 2f 8b  |  -89 CRC error
10:40:31.473 | 0f 4b 03 84 1d 57 1d 29 19 4a 20 69 28 56 18 6c  |  -88 CRC error
10:40:31.726 | 0f 4d 0b 90 19 24 22 c9 1c 25 26 24 22 af 26 5f  |  -89 CRC error
10:40:31.995 | 0f 4d 03 9c 0e 77 1d fb 23 c8 26 aa 5a a9 41 df  |  -90 CRC error
10:40:32.502 | 0f 4f 03 b4 1c e5 22 0f 21 ed 22 4c 19 2a 28 35  |  -90 CRC error
10:40:32.770 | 0f 50 03 c0 1e 56 20 e6 13 92 1d f4 1c d2 24 fd  |  -87 CRC error
10:40:33.023 | 0f 51 03 cc 1c 04 30 58 28 07 1b 37 1c 84 1c 82  |  -86 CRC error
10:40:33.278 | 0f 52 03 d8 13 df 1d ce 21 0d 22 db 26 73 11 7c  |  -87 CRC error
10:40:33.545 | 0f 53 03 e4 24 f2 18 56 20 49 1f b0 2c c8 1c 2b  |  -88 CRC error
10:40:33.799 | 0f 54 03 f0 29 43 1d 55 25 be 1b bb 1b 87 1f 30  |  -90 CRC error
10:40:34.067 | 0f 55 03 fc 1f 4b 20 a1 25 62 11 7e 29 14 1f 3b  |  -89 CRC error
10:40:34.321 | 0f 56 04 08 19 ef 1f cd 2d fe 16 6b 26 fc 2f 30  |  -89 CRC error
10:40:34.590 | 0f 57 04 14 18 8a 09 bd 16 7a 16 1f 2e 86 2a 6b  |  -91 CRC error
10:40:34.844 | 0f 58 14 2a 95 7f 55 05 32 69 18 c0 1e 3a 26 d3  |  -89 CRC error
10:40:35.098 | 0f 59 04 2c 23 39 1d c5 28 41 25 87 28 03 21 d9  |  -86 CRC error
10:40:35.366 | 0f 5a 04 38 28 59 22 ea 1a 18 26 ee 22 79 16 fe  |  -89 CRC error
10:40:35.619 | 0f 5b 04 44 25 23 24 d7 20 42 18 9f 15 a8 17 cb  |  -87 CRC error
10:40:35.872 | 0f 5c 04 50 22 6b 1d 47 1c 93 32 40 25 95 2c 4f  |  -90 CRC error
10:40:36.397 | 0f 5e 04 68 1d c1 28 f6 2c 2a 1a c3 11 57 29 51  |  -91 CRC error
10:40:36.647 | 0f 5f 04 74 2a 76 19 9e 16 8b 21 54 17 9f 28 3f  |  -90 CRC error
10:40:36.919 | 0f 60 04 80 1e 10 11 68 28 81 1d c3 15 96 14 cd  |  -88 CRC error
10:40:37.168 | 0f 61 04 8c 30 04 29 76 1c 88 18 1a 27 f7 1e 55  |  -87 CRC error
10:40:37.436 | 0f 62 04 98 0e de 21 93 1a b5 d5 55 55 5a a5 4a  |  -87 CRC error
10:40:37.688 | 0f 63 04 a4 16 e3 18 43 1e 7e 0a c4 1b ed 24 ad  |  -87 CRC error
10:40:37.957 | 0f 64 04 b0 2c db 21 59 1d aa 1b 2a 23 33 1b ad  |  -93 CRC error
10:40:38.211 | 0f 65 04 bc 1d d3 1d c5 18 8e 1d 6c 19 08 22 6d  |  -90 CRC error
10:40:38.464 | 0f 66 04 c8 1c 5e 25 e0 21 bd 22 32 1d c3 33 de  |  -90 CRC error
10:40:38.732 | 0f 67 04 d4 20 63 23 d1 19 3b 25 11 19 df 26 b7  |  -91 CRC error
10:40:38.995 | 0f 68 04 e0 2b 90 1e 8e 23 4e 1c b6 28 64 17 20  |  -88 CRC error
10:40:39.503 | 0f 6a 04 f8 1f 76 5f 8c 22 66 27 74 25 1c 28 95  |  -88 CRC error
10:40:40.024 | 0f 6c 05 10 28 29 31 05 2c 0e 29 08 20 91 20 ed  |  -89 CRC error
10:40:40.278 | 0f 6d 05 1c 23 03 1b bb 22 0e 2c 27 25 b0 13 d5  |  -90 CRC error
10:40:40.545 | 0f 6e 05 28 2f 2d 1a e1 1c 39 16 31 24 d7 21 01  |  -91 CRC error
10:40:40.797 | 0f 6f 05 34 13 1f 19 de 27 9e 1a 72 1c 0c 17 e1  |  -89 CRC error
10:40:41.066 | 0f 70 05 40 33 47 15 b3 22 98 22 8a 22 05 10 41  |  -87 CRC error
10:40:41.323 | 0f 71 05 4c 17 5f 29 8a 23 44 28 f9 21 70 2f c3  |  -87 CRC error
10:40:41.587 | 0f 72 05 58 21 5b 1a 1e 25 95 14 f5 17 40 21 d6  |  -88 CRC error
10:40:41.840 | 0f 73 05 64 28 be 2a a5 1c 45 25 17 22 88 1a 48  |  -87 CRC error
10:40:42.092 | 0f 74 05 70 1e 51 10 59 15 cc 18 bd 29 93 5b 4b  |  -90 CRC error
10:40:42.361 | 0f 75 05 7c 1c 01 1b c3 2a f6 14 bc 2b d0 29 59  |  -89 CRC error
10:40:42.870 | 0f 77 05 94 23 fa 13 d4 16 82 24 aa 22 5b 26 78  |  -90 CRC error
10:40:43.135 | 0f 78 05 a0 24 3c 21 8a 25 e6 28 8b 21 23 22 24  |  -86 CRC error
10:40:43.389 | 0f 79 05 ac 19 35 2a 19 1d 08 1c b6 19 94 19 73  |  -88 CRC error
10:40:43.657 | 0f 7a 05 b8 25 74 2a 1a 19 89 26 33 17 8b 25 fc  |  -88 CRC error
10:40:43.910 | 0f 7b 05 c4 30 c4 1e 85 0c 4c 1b e2 25 8f 1e dd  |  -86 CRC error
10:40:44.179 | 0f 78 05 d0 24 5d 17 d1 21 c6 29 54 21 41 1f 21  |  -89 CRC error
10:40:44.431 | 0f 7d 05 dc 22 c3 1a 45 15 16 2b d5 1e 60 1f e0  |  -90 CRC error
10:40:44.686 | 0f 7e 05 e8 2e 21 29 12 14 ec 15 b0 22 9f 15 f8  |  -91 CRC error
10:40:44.954 | 0f 7f 05 f4 25 a3 26 51 22 09 19 22 17 16 1a e6  |  -89 CRC error
10:40:45.459 | 0f 81 06 0c 2d 5c 26 b8 22 9c 1f db 22 30 22 41  |  -88 CRC error
10:40:45.729 | 0f 82 06 18 0e d6 30 44 25 a6 23 c4 14 c4 1a 53  |  -87 CRC error
10:40:45.979 | 0f a3 06 24 1e 29 23 c4 15 c8 29 4a 18 93 24 14  |  -87 CRC error
10:40:46.503 | 0f 85 06 3c 16 b5 2b c7 2d fc 24 f7 0f fe 1f bc  |  -90 CRC error
10:40:46.757 | 0f 86 06 48 1c f2 16 35 24 ce 25 ba 22 d1 20 73  |  -89 CRC error
10:40:47.027 | 0f 87 06 54 15 e9 26 1e 1b 2c 29 3a 1a f5 1f 6d  |  -89 CRC error
10:40:47.274 | 0f 88 06 60 26 97 1b 27 27 3f 28 ca 20 2b 1d b8  |  -87 CRC error
10:40:47.541 | 0f 89 06 6c 22 1e 1b fd 1e 8e 16 13 1b 61 2b 14  |  -86 CRC error
10:40:47.793 | 0f 8a 06 78 0d da 24 24 1b e4 1f 8a 23 9d 1b c3  |  -87 CRC error
10:40:48.061 | 0f 8b 06 84 2b da 20 cc 20 1d 26 b9 19 c6 1d 0a  |  -88 CRC error
10:40:48.312 | 0f 8c 06 90 15 59 21 d0 29 4e 30 2b 17 5b 1a e5  |  -90 CRC error
10:40:48.579 | 0f 8d 06 9c 1f e0 24 8c 26 97 1d 9a 30 a8 26 9d  |  -89 CRC error
10:40:48.839 | 0f 8e 06 a8 18 00 25 72 21 5b 18 30 20 55 1b 0c  |  -89 CRC error
10:40:49.103 | 0f 8f 06 b4 0f ce 1c a2 22 ce 1d f2 1f 79 13 ee  |  -89 CRC error
10:40:49.353 | 0f 90 06 d0 28 5a 17 f1 23 6f 12 f5 20 df 1b d6  |  -88 CRC error
10:40:49.606 | 0f 91 06 cc 23 18 38 67 25 67 26 13 2b be 25 26  |  -89 CRC error
10:40:49.875 | 0f 92 06 d8 0b fe 1f ab 10 de 1e 4d 15 f5 17 e3  |  -87 CRC error
10:40:50.399 | 0f 94 06 f0 20 dd 23 ea 14 3e 16 ab 1d af 22 48  |  -90 CRC error
10:40:50.698 | 2f 95 56 fc 27 ce 1a 4b 1a f2 1d 1b 1b 8c 18 4a  |  -90 CRC error
10:40:50.918 | 0f 96 07 08 21 0b 29 33 15 d6 1b 02 1c ce 14 d6  |  -90 CRC error
10:40:51.170 | 0f 97 07 14 22 9b 0c dc 20 e3 27 46 26 2f 22 c9  |  -91 CRC error
10:40:51.437 | 0f 98 07 20 20 0a 22 8a 1b b2 1b c3 1e 97 2a 6a  |  -88 CRC error
10:40:51.692 | 0f 99 07 2c 23 b0 1e 5b 20 5f 1c fa 10 9e 15 3f  |  -92 CRC error
10:40:51.947 | 0f 9a 07 38 15 a2 1b f5 2c e2 1b 7f 23 31 25 a3  |  -88 CRC error
10:40:52.198 | 0f 9b 07 44 22 74 17 ff 20 69 1f ec 1c d2 20 d2  |  -89 CRC error
10:40:52.469 | 0f 9c 07 50 1f 7e 18 65 26 90 20 37 23 2a 24 99  |  -90 CRC error
10:40:52.987 | 0f 9e 07 68 1a fa 10 b2 2f 87 17 ee 1b 78 26 8f  |  -91 CRC error
10:40:53.240 | 0f 9f 07 74 20 d3 27 b5 2b ac 24 98 18 fb 24 66  |  -90 CRC error
10:40:53.760 | 0f a1 07 8c 1e f3 23 98 1e 03 17 4a 1f 44 1e 4a  |  -89 CRC error
10:40:54.281 | 0f a3 07 a4 2a bd 18 de 1a 28 39 d3 27 af 26 1e  |  -87 CRC error
10:40:54.541 | 0f a4 07 b0 1f 9c 27 08 22 bf 2e c2 1d 06 1e aa  |  -91 CRC error
10:40:54.804 | 0f a5 07 bc 25 8c 16 c0 16 9d 22 5e 1f 2d 2e e1  |  -89 CRC error
10:40:55.060 | 0f a6 07 c8 1b 59 24 32 0b 75 21 4c 18 5e 18 53  |  -90 CRC error
10:40:55.314 | 0f a7 07 d4 16 bd 20 cb 21 1d 20 c1 1d a2 1c a8  |  -92 CRC error
10:40:55.579 | 0f a8 07 e0 33 91 21 6e 17 ff 17 27 1d 12 1b 52  |  -87 CRC error
10:40:55.842 | 0f a9 27 ec 1a d4 15 2e 28 a9 22 03 30 80 1a b6  |  -84 CRC error
10:40:56.100 | 0f aa 07 f8 0f 48 26 a7 27 59 1e b1 13 70 19 65  |  -87 CRC error
10:40:56.356 | 0f ab 08 04 21 d0 0a f2 19 c2 16 d9 2d 0e 18 31  |  -89 CRC error
10:40:56.875 | 0f ad 08 1c 26 23 12 81 14 7e 26 cf 22 05 10 c0  |  -91 CRC error
10:40:57.395 | 2b af 08 34 22 ca 24 59 1e df 2e 65 12 06 25 b8  |  -91 CRC error
10:40:57.653 | 0e b0 08 40 12 be 16 22 24 83 1b c3 18 08 25 aa  |  -88 CRC error
10:40:57.906 | 0f b1 08 4c 1a be 1e 64 20 35 23 de 24 8e 1f 2d  |  -88 CRC error
10:40:58.175 | 0f b2 08 58 25 3f 1d 20 26 a0 16 cb 1e 9a 1e 71  |  -87 CRC error
10:40:58.428 | 0f b3 08 64 16 4e 25 5b 1e d6 23 6b 20 e8 1e b7  |  -87 CRC error
10:40:58.680 | 0f b4 08 70 1e 14 11 95 1f 0c 24 1e 20 b1 27 ee  |  -90 CRC error
10:40:58.950 | 0f b5 08 7c 1e 4f 2f 5a 2c 10 2f 00 29 0d 1d 09  |  -91 CRC error
10:40:59.212 | 0f b6 08 88 28 18 2b ac 1b 95 11 64 95 a5 0d a7  |  -89 CRC error
10:40:59.470 | 0f b7 08 94 14 c2 21 57 23 84 1c 76 24 fa 20 dd  |  -89 CRC error
10:40:59.725 | 4f b8 08 a0 28 32 1f 79 17 a7 16 a1 1b ca 23 63  |  -86 CRC error
10:41:00.496 | 0f bb 08 c4 14 56 16 6c 24 52 1e 23 24 cd 19 36  |  -87 CRC error
10:41:01.016 | 0f bd 08 dc 1f 13 1f b9 15 66 10 9c 1e 2f 1b be  |  -88 CRC error
10:41:01.285 | 0f be 08 e8 1e b9 1e 73 24 7b 1f 47 0c f5 2b f6  |  -89 CRC error
10:41:01.797 | 0f c0 09 00 21 1b 18 e6 1e 27 24 32 15 0e 24 a1  |  -87 CRC error
10:41:02.050 | 0f c1 09 0c 1f ba 18 27 18 ff ff ee 1d 23 14 74  |  -87 CRC error
10:41:02.571 | 0f c3 09 24 1f ed 28 1a 2a 3a 2b 83 21 42 2e 08  |  -88 CRC error
10:41:02.839 | 0f c4 09 30 2a cc 19 4f 1b 1a 1d ef 2d 50 20 89  |  -90 CRC error
10:41:03.093 | 0f c5 09 3c 28 82 21 3f 27 94 20 f5 55 52 a9 66  |  -90 CRC error
10:41:03.352 | 0d 46 09 48 2b 87 13 28 27 19 22 8d 26 32 12 2c  |  -89 CRC error
10:41:03.619 | 0f c7 09 54 18 da 20 88 15 c3 1a a8 1e ba 2b d6  |  -88 CRC error
10:41:03.878 | 0f c8 09 60 25 31 18 83 17 43 19 b6 1e 0c 28 5e  |  -86 CRC error
10:41:04.135 | 0f c9 09 6c 29 91 17 f5 23 21 1d 54 2f 59 26 9d  |  -87 CRC error
10:41:04.389 | 0f ca 09 78 16 e4 19 69 24 b9 28 88 1c 72 23 1d  |  -89 CRC error
10:41:04.915 | 0f cc 09 90 23 c6 16 e0 55 13 23 21 19 dd 31 1c  |  -89 CRC error
10:41:05.164 | 0f cd 09 9c 24 f0 1f 08 18 5d 19 a4 25 1a 18 32  |  -90 CRC error
10:41:05.684 | 0b cf 09 b4 18 ac 22 9d 26 cf 22 3f 1c 5b 22 5b  |  -88 CRC error
10:41:05.952 | ff f5 4d 50 26 6c 1c ad 28 ad 59 7c 22 2a 28 aa  |  -82 CRC error
10:41:06.473 | 0f d2 09 d8 1a 13 1e 61 08 15 1a 74 2a bf 21 fe  |  -88 CRC error
10:41:06.726 | 0f d3 09 e4 1f 3f 1a c7 23 f9 23 04 1f d6 24 55  |  -86 CRC error
10:41:06.980 | 0f d4 09 f0 1d bd 2c 40 2a 7e 30 cd 20 4f 1d 94  |  -90 CRC error
10:41:07.248 | 0f d5 09 fc 1e a5 25 19 25 67 1c da 20 bd 1f 0d  |  -91 CRC error
10:41:08.023 | 0f d8 0a 20 2c 77 17 b9 30 4d 2c 78 1e f7 22 52  |  -89 CRC error
10:41:08.275 | 0f d9 0a 2c 26 05 1c c2 28 6a 21 2a a2 35 14 dc  |  -86 CRC error
10:41:08.544 | 0f da 0a 38 1d cf 2f 24 18 78 22 b9 1e 81 2e 2d  |  -89 CRC error
10:41:08.797 | 0f db 0a 44 1d 3a 1c 0e 3a 94 1e e6 24 75 25 c7  |  -89 CRC error
10:41:09.057 | 0f dc 0a 50 2e 2c 0e 13 22 94 2d 34 22 90 18 98  |  -92 CRC error
10:41:09.322 | 0f dd 0a 5c 1e 43 16 e3 27 d7 2c ae 1e c0 1e 60  |  -90 CRC error
10:41:09.571 | 0f de 0a 68 1f 51 25 c8 1f 4a 22 a8 1f 10 27 f2  |  -90 CRC error
10:41:09.840 | 0f df 0a 74 21 ae 10 52 2c 9a 1f e3 27 6a 0f b7  |  -91 CRC error
10:41:10.092 | 0b ea 4a 8a 24 d0 23 76 26 b4 1d c2 16 22 19 ea  |  -86 CRC error
10:41:10.345 | 2f e9 0a 8c 16 84 17 b6 1d c1 1c a7 22 2e 18 bc  |  -88 CRC error
10:41:10.865 | 0f e3 0a a4 2c 6f 24 13 59 ec 29 db 12 ec 25 2d  |  -86 CRC error
10:41:12.683 | 0f ea 0a f8 22 7e 1e 52 0b 29 1a b9 20 eb 18 07  |  -90 CRC error
10:41:12.935 | 0f eb 0b 04 20 d5 26 76 23 1c 1e 3a 1e 15 2a 37  |  -87 CRC error
10:41:13.204 | 0f ec 0b 10 17 9b 1d 3d 1f b8 20 63 28 55 20 cb  |  -90 CRC error
10:41:13.463 | 0f ed 0b 1c 1a bf 2a 2c 2f bb 1f 64 18 f0 17 8f  |  -90 CRC error
10:41:13.725 | 0f ee 0b 28 2a bc 32 ee 1f 77 22 8e 1a 6d 15 7c  |  -91 CRC error
10:41:13.976 | 0f ef 0b 34 21 dc 21 c0 19 8d 29 97 23 10 28 f6  |  -90 CRC error
10:41:14.246 | 0f f0 0b 40 24 85 1f ec 18 14 23 6f 20 cb 1b d5  |  -87 CRC error
10:41:15.023 | 0f f3 0b 64 14 ef 19 ef 18 9c 28 8e 27 24 16 76  |  -86 CRC error
10:41:15.273 | 0f f4 0b 70 27 50 2f 56 20 db 26 9d 17 8c 1d 71  |  -89 CRC error
10:41:15.540 | 0f f5 0b 7c 2c bb 19 85 1d 6f 11 ae 1e d4 28 c2  |  -90 CRC error
10:41:15.792 | 0f f6 0b 88 24 1b 20 c4 23 95 5a ab 21 01 27 72  |  -89 CRC error
10:41:16.314 | 0f f8 0b a0 25 b4 1c 29 22 b1 23 46 2e fb 17 6f  |  -88 CRC error
10:41:16.566 | 0f f9 0b ac 22 55 22 27 2e ef 16 ce 22 ab 27 41  |  -85 CRC error
10:41:16.836 | 0f fa 0b b8 1f 5f 24 2f 56 b9 20 cb 1a c3 32 7e  |  -87 CRC error
10:41:17.087 | 0f fb 0b c4 20 41 13 18 1a 7b 2a 76 16 79 22 0a  |  -86 CRC error
10:41:17.609 | 0f fd 0b dc 24 ff 2a 8a 22 04 19 2e 1a 5b 22 90  |  -90 CRC error
10:41:17.867 | 0f fe 0b e8 12 6e 28 e1 2b 90 17 1f 19 e8 27 f4  |  -90 CRC error
10:41:18.131 | 0f ff 0b f4 21 cc 24 18 11 50 2d ab 1a 3e 15 f4  |  -91 CRC error
10:41:18.385 | 0f 00 0c 00 20 56 25 5c 1e 27 17 d2 18 09 0e 34  |  -86 CRC error
10:41:18.905 | 0f 02 0c 18 10 68 30 6e 24 9d 22 f5 27 f2 29 43  |  -86 CRC error
10:41:19.169 | 0f 02 ac 24 16 2e 1b a3 23 dd 25 26 1a 21 25 9b  |  -89 CRC error
10:41:19.430 | 0f 04 0c 30 17 69 13 3b 1b ce 21 06 1d 0f 1c c8  |  -89 CRC error
10:41:20.205 | 0f 07 0c 54 1d 99 1e 55 21 c4 1c 85 1b 4e 1c f7  |  -93 CRC error
10:41:20.468 | 0f 08 0c 60 28 4a 23 b8 1e 23 28 47 14 0a 21 5e  |  -90 CRC error
10:41:20.721 | 0f 09 0c 6c 29 d6 0e 3a 14 6e 2e 25 2e 91 1f 21  |  -91 CRC error
10:41:20.972 | 0f 0a 0a 78 1f a9 1b 11 19 c1 1c f2 1f 7a 16 6f  |  -88 CRC error
10:41:21.500 | 0f 0c 0c 90 15 8e 1d 92 19 94 1f a6 17 cb 22 d0  |  -91 CRC error
10:41:21.755 | 0f 0d 0c 9c 1a 14 41 40 21 47 22 86 28 dc 24 ad  |  -93 CRC error
10:41:22.010 | 0f 0e 0c a8 20 8f 2b f9 25 49 20 cc 24 24 21 1a  |  -92 CRC error
10:41:22.276 | 0f 0f 0c b4 1b d4 1f d1 2d 17 15 b1 23 a3 29 02  |  -92 CRC error
10:41:22.532 | 0f 10 0c c0 25 a1 1d 9c 23 c0 2e 29 26 2f 28 04  |  -87 CRC error
10:41:22.798 | 0f 11 0c cc 2a 54 21 23 26 75 1f 1b 75 6a aa bd  |  -90 CRC error
10:41:23.055 | 0f 12 0c d8 1a 83 28 c0 14 51 21 6b 25 29 19 01  |  -89 CRC error
10:41:23.575 | 0f 14 0c f0 25 03 2f f7 25 c0 1d ed 1e eb 1b 18  |  -91 CRC error
10:41:24.089 | 0f 16 0d 08 17 30 22 aa 2b ab 20 52 19 37 1a 09  |  -90 CRC error
