11:51:33.454 | 0b 93 07 65 52 da 25 6d 14 45 18 5f 27 47 29 f9  |  -99 CRC error
11:51:33.707 | 8f 94 06 f0 20 dd 23 ea 14 3e 16 ab 1d af 22 48  |  -94 CRC error
11:51:33.974 | 0f 95 06 fc 27 cc 1a 4b 1a f2 1d 1b 1b 8c 18 0a  |  -95 CRC error
11:51:38.120 | 0f a5 03 bc 25 8c 16 c0 16 9d 22 5e 1f 2d 29 a1  | -100 CRC error
11:51:38.641 | 0f a7 07 54 16 bd 20 cb 21 0d 20 c1 1d a2 9c a8  | -103 CRC error
11:51:38.895 | 4f aa 27 40 35 99 26 6e 17 d7 1f 6f 1d 5a ba ca  |  -94 CRC error
11:51:39.671 | 0b ab a8 04 21 d0 0a f2 39 d2 16 d9 2d 4e 18 31  |  -95 CRC error
11:51:39.936 | 0f ed 4a 12 bf ff 57 fb 7a 08 9b f1 28 fe 15 0f  |  -96 CRC error
11:51:44.345 | 0f ad 28 dc 1f 13 1f a9 15 66 1a aa 96 15 19 b6  | -100 CRC error
11:51:45.118 | 4b c0 09 00 29 1b 58 e2 1e 27 26 92 15 2a a4 f3  |  -95 CRC error
11:52:08.186 | 0f 19 4d 2c 23 10 a3 35 97 c3 2b 6d 23 60 9d aa  |  -95 CRC error
11:52:10.772 | 0b 23 4d a4 17 65 35 55 2a 92 ad 36 aa 55 55 6a  |  -95 CRC error
11:52:14.409 | 2d 6a b5 56 a5 ab d3 ae ad 55 56 d5 6a b5 b5 6a  |  -87 CRC error
11:52:14.671 | 0f 32 2e 58 1a dd 66 a7 1f 07 3a 7b 1e 40 29 71  |  -95 CRC error
11:52:14.932 | 0d 33 0c 64 2c a2 16 1e 2c 11 a0 82 94 26 25 9f  |  -94 CRC error
11:52:24.781 | 0f 59 10 2c 1c 15 25 d3 22 b3 13 88 29 3a 1b ad  |  -94 CRC error
11:52:25.288 | 0d 5b 10 64 21 cd 17 aa ba 75 2d 3d 52 b5 95 55  |  -93 CRC error
11:52:25.819 | 0f 5d 11 54 24 b2 1d df 13 48 14 7f 23 37 24 30  |  -97 CRC error
11:52:26.339 | 8f 5d 50 74 7c 40 15 99 19 5e 23 f3 11 48 bf d0  | -100 CRC error
11:52:26.601 | 0f 42 10 a0 19 7c 16 6f 8e a2 24 d6 2a 42 26 b2  |  -98 CRC error
11:52:30.225 | 0f 6a 11 2a 22 ed 5b 55 57 d5 5a ac 15 88 22 9d  |  -96 CRC error
11:52:30.998 | 0b 71 11 4c 20 0a 0e df 20 22 25 72 26 8a 2e 15  |  -93 CRC error
11:52:32.029 | 49 55 01 7e 35 6f 77 4d 55 ea 1e ab 15 d8 2c 6a  |  -98 CRC error
11:52:37.469 | 2b 8a 16 78 14 2b 22 bf 28 f3 0e 0c 14 56 1d ca  |  -94 CRC error
11:52:38.516 | 0e 8a 12 a8 14 22 2b 63 1b 61 22 e7 1c 5b 2a b5  |  -99 CRC error
11:52:40.330 | 0f 95 12 fc 2a ad 21 4d 5c 89 27 09 26 17 28 29  |  -98 CRC error
11:52:41.886 | 0f 9b 15 44 21 9a 1d af 1d 3a 25 4f 1c e7 23 4c  |  -96 CRC error
11:52:44.737 | 4b a6 13 a8 22 99 1d f9 72 a4 35 21 1a 17 3a 2a  |  -97 CRC error
11:52:46.296 | 87 2c 14 90 0c df 22 a6 1b 07 25 08 29 ab 22 aa  |  -99 CRC error
11:52:47.328 | 0b b0 54 40 2a eb 14 a9 23 15 5d 54 1c ac 28 b6  |  -94 CRC error
11:52:51.728 | ad 41 15 0c 21 56 a9 55 57 cd 2c d9 1d 52 11 55  |  -97 CRC error
11:53:02.626 | 0f eb 17 44 1f 55 17 80 13 a3 2d b5 17 0f 16 a5  |  -92 CRC error
11:53:07.291 | 0f d5 16 84 05 5b 56 ee b7 55 5a b8 23 61 1a f8  |  -96 CRC error
11:53:07.546 | 0e d6 17 e8 1e c9 37 0a a5 69 10 8b 96 45 19 7f  |  -97 CRC error
11:53:13.758 | 0f 16 19 08 23 ec 26 9a 16 0a 21 e0 19 3d 27 ca  |  -95 CRC error
11:53:14.550 | 0f 19 19 2c 19 75 27 bf 23 0b 23 f7 23 4f 26 42  |  -93 CRC error
11:53:15.322 | 0f 14 19 50 1b 6f 1d e2 22 c2 1a b5 2c 1a 1d 0d  |  -98 CRC error
11:53:16.365 | 0f 20 19 82 1a 16 29 f5 27 ea ab 2f 15 1a 52 e9  |  -92 CRC error
11:53:17.660 | 0f 25 19 bc 19 13 19 e9 27 25 25 40 00 15 5f e8  |  -96 CRC error
11:53:18.165 | 0b 27 19 d4 1c 74 20 34 1b 2c 0e 64 18 dd 21 11  |  -96 CRC error
11:53:20.500 | 0f 30 1a 40 14 9a 20 78 33 2a 3c c3 58 a8 0b 60  |  -92 CRC error
11:53:20.769 | 0f 31 2a 2c 15 55 25 d5 19 55 2a 3d 18 6b 20 bf  |  -91 CRC error
11:53:22.845 | 0b 39 1a ac 1a 2c 0a 1f 22 aa 21 d4 18 b4 54 d9  |  -93 CRC error
11:53:23.103 | 0f 2a 2a a9 22 5a a1 10 2c d2 0d f6 1e 03 16 16  |  -98 CRC error
11:53:23.625 | 0f bc 1a d0 12 06 26 78 17 0b 0a b0 20 d9 20 a4  |  -98 CRC error
11:53:23.878 | 0f 3d 1a dc 1e 77 16 d7 13 2a 20 37 22 e4 1b 9a  |  -96 CRC error
11:53:24.130 | 0f 3e 0a e8 0d 71 2a 6b 1d 35 2e 22 25 9e 0f bd  |  -96 CRC error
11:53:25.180 | 0f 42 1b 18 21 84 28 27 81 5f 25 a2 25 0d 2a 9f  |  -93 CRC error
11:53:25.432 | 0f 43 1b 24 26 4f 20 a0 23 56 15 e1 24 27 1a de  |  -94 CRC error
11:53:26.210 | 0f 46 1b 48 16 d1 21 71 13 bd 13 38 1a 92 23 30  |  -96 CRC error
11:53:26.463 | 0f 47 1b 54 1a aa 16 4a 29 e5 29 72 53 a3 14 05  |  -97 CRC error
11:53:26.988 | 0f 49 1b 6c 12 25 10 52 20 dc 1e f3 21 95 29 ad  |  -92 CRC error
11:53:27.249 | 0f 4a 1b 78 2f 5d 25 40 1e b8 1e 6c 1f d8 23 af  |  -92 CRC error
11:53:27.510 | 0f 4b 1b 84 1a 99 22 e2 1c d3 20 a9 23 44 21 d0  |  -93 CRC error
11:53:27.760 | 0f 4c 1b 90 24 12 1a 7b 22 56 17 cd 2a 61 26 3a  |  -95 CRC error
11:53:29.055 | 0b 55 1a cc 12 74 15 cb 56 55 21 46 25 2a 1e 92  |  -89 CRC error
11:53:29.846 | 0f 54 1b 70 19 a7 1b 46 25 7b 23 12 19 85 14 8b  |  -97 CRC error
11:53:30.101 | 0f 55 1b 7c 1b fd 15 6e 20 b4 1f 60 15 0c 22 6e  |  -96 CRC error
11:53:31.400 | 0f 5a 3c 38 24 4f 58 7a 1a b1 24 e6 9c b4 2a 89  |  -95 CRC error
11:53:32.694 | 0b 5f 1c 74 21 29 2a c2 1f 0d 1d 7c 13 5d 27 22  |  -96 CRC error
