11:54:11.311 | 0b 05 00 2c 25 56 1c 27 16 24 17 07 0a 84 35 a4  |  -96 CRC error
11:54:13.646 | 09 0e 00 a8 11 0e 25 a4 20 c1 23 21 21 d2 11 7a  |  -97 CRC error
11:54:14.165 | 0f 10 00 c1 1f 9a 2c 71 35 2d 61 7f 1a d7 22 92  |  -93 CRC error
11:54:15.728 | 0f 16 01 08 28 0e 16 52 2a a5 23 da 1b 77 1f 44  |  -97 CRC error
11:54:16.768 | 0e aa a1 54 ab 55 56 ad 5a b5 7d 55 55 6b 2b 5b  |  -93 CRC error
11:54:18.049 | 15 15 49 52 52 aa 2e 11 0f 06 1c 62 27 56 25 68  |  -95 CRC error
11:54:18.320 | 8e a0 01 80 24 16 1d 95 67 52 1a ea 11 4d 21 0b  |  -95 CRC error
11:54:24.284 | 0f 37 02 94 26 a9 4f 65 5a ab 1a bf 5d 86 19 ed  |  -97 CRC error
11:54:26.352 | 0d 3d 12 b4 24 b0 2a a8 2d 2c 1e f3 15 6b 11 e6  |  -96 CRC error
11:54:28.174 | 0f 46 13 48 1f 27 1b 8b 16 18 1b 0d 1e fd 2b 0a  |  -97 CRC error
11:54:28.950 | 0f 49 03 64 0b 45 23 53 22 c8 1b 55 13 a5 22 c8  |  -95 CRC error
11:54:29.207 | 0f 4a 83 78 0a 5e 23 d0 17 3c 23 41 21 d3 2f 8b  |  -95 CRC error
11:54:31.798 | 0f 54 03 a9 29 4a 95 55 aa b6 1b 1b 15 87 17 30  |  -97 CRC error
11:54:32.059 | 0f 55 03 cc 1f 4b 20 a1 25 62 11 74 29 14 2f 2b  |  -95 CRC error
11:54:32.578 | 0f 55 04 15 18 8a 09 bd 16 7a 36 1d 2e a6 2a 6b  |  -96 CRC error
11:54:34.647 | 0d 5d 04 74 2a 76 19 5e 14 8b 21 54 97 9f 28 3f  |  -98 CRC error
11:54:35.681 | 0b 6b 06 a6 56 e3 14 d5 1e 7c 0a c4 1b ed 21 ad  |  -94 CRC error
11:54:36.720 | 0b 67 04 d4 20 63 23 51 09 3b 25 11 11 df 22 b7  |  -96 CRC error
11:54:38.019 | 0f 68 05 10 28 29 31 05 2c 0e 29 08 20 91 20 a9  |  -90 CRC error
11:54:40.347 | 0d 75 05 78 1c 01 1b c3 aa f6 16 b4 2b 58 29 59  |  -96 CRC error
11:54:41.652 | 0f 6a 15 a8 55 54 2a 0a 19 11 22 31 17 8b 25 69  |  -91 CRC error
11:54:42.168 | 0f 7c 05 d0 24 5d 17 d1 21 c6 29 54 21 41 1f 21  |  -95 CRC error
11:54:42.429 | 0d 3d 05 d4 22 c3 1a 45 15 16 2b d7 1e 60 1f e0  |  -95 CRC error
11:54:43.463 | 0f 81 06 0c 2d 4c a6 a8 22 9c 0d db 22 30 22 41  |  -91 CRC error
11:54:44.759 | 0f 86 06 48 1c f2 16 35 24 ce 25 b2 22 d1 20 73  |  -93 CRC error
11:54:45.011 | 0e 87 26 54 15 e9 26 1e 1b 2c 09 2a 5a 55 1f 6d  |  -94 CRC error
11:54:45.279 | 0f 88 06 60 26 97 1b 27 27 3f 28 ca 20 2b 15 e8  |  -91 CRC error
11:54:45.539 | 0f 89 06 6c 22 1e 1b fd 1e 8e 16 13 1b 61 2b 14  |  -91 CRC error
11:54:46.054 | 0f 89 06 82 29 92 20 c9 50 1d 26 99 09 c6 15 0a  |  -93 CRC error
11:54:46.306 | 0b 8c 06 90 15 59 20 d4 29 4e 30 2b 17 5b 1a e5  |  -89 CRC error
11:54:46.824 | 0f 8e 06 a8 18 00 25 52 21 5b 18 30 20 55 1a 0c  |  -95 CRC error
11:54:47.609 | 0f 51 06 cc 23 18 38 57 25 67 26 13 2b 3e 25 26  |  -90 CRC error
11:54:48.122 | 0f 93 06 e4 12 da 25 6d 16 43 18 7d 27 46 29 f9  |  -92 CRC error
11:54:48.911 | 05 96 07 09 21 0b 29 33 15 d6 1b 02 1c ce 14 d6  |  -92 CRC error
11:54:49.423 | 0f 98 07 20 20 0a 22 8a 1b b2 1b c3 0e 97 2a 6a  |  -88 CRC error
11:54:49.942 | 0f 9a 07 38 15 a2 1b f5 2c e2 1b 7f 23 31 25 a3  |  -90 CRC error
11:54:50.978 | 0f 9e 07 68 1a fa 10 b2 2b 87 17 ee 1b 78 26 af  |  -93 CRC error
11:54:51.244 | 0e 9f 06 74 20 d3 27 b5 2b ac 24 98 18 fb 54 46  |  -93 CRC error
11:54:51.500 | 0f a0 07 80 29 0c 92 aa 95 35 15 53 1f d0 28 13  |  -90 CRC error
11:54:52.005 | 0f a2 07 98 25 0c 1d b6 15 f4 1a 20 27 54 28 d5  |  -90 CRC error
11:54:52.272 | 0f a3 07 a4 2a bd 18 de 1a 28 29 53 25 af 54 1e  |  -89 CRC error
11:54:53.056 | 07 a6 07 c8 1b 59 24 32 0b 75 21 4c 18 5e 18 53  |  -92 CRC error
11:54:53.575 | 0f a8 07 e0 33 91 21 6e 17 bf 1f 27 1f 12 1b 52  |  -89 CRC error
11:54:53.825 | 0f a9 07 ec 1a f4 15 2e 28 a9 22 03 30 80 1a b6  |  -90 CRC error
11:54:54.614 | 0f ac 08 10 16 15 33 d9 36 08 1b f0 28 fe 17 0f  |  -93 CRC error
11:54:54.860 | 0b ad 08 1c 26 23 12 80 14 5e 26 cd 22 05 10 c0  |  -92 CRC error
11:54:55.122 | 0f ae 08 28 10 51 24 1f 22 cf 24 c4 2d b6 2b bb  |  -92 CRC error
11:54:55.648 | 0f b0 08 40 12 be 16 22 24 83 1a c2 18 08 25 4a  |  -89 CRC error
11:54:56.168 | 0f b2 08 18 25 3f 1d 20 26 a0 16 cb 1e 9a 56 52  |  -88 CRC error
11:54:56.423 | 0f b3 08 64 16 4e 25 5b 1e d6 23 6b 20 e8 1e b7  |  -90 CRC error
11:54:57.458 | 0f b7 08 94 14 c2 21 57 21 84 18 76 24 fa 20 dd  |  -92 CRC error
11:54:57.979 | 0f b9 08 ac 5a 98 1a 14 29 4f 31 e2 15 5d 16 49  |  -90 CRC error
11:54:58.234 | 0f aa 08 b8 20 60 14 c2 13 64 23 da 1a ec 20 94  |  -89 CRC error
11:54:58.493 | 0f bb 08 84 14 56 16 6c 24 52 1e 23 24 cd 19 36  |  -90 CRC error
11:54:58.753 | 0f bc 08 d0 1d 45 20 05 2b 60 1a c9 26 e0 21 59  |  -93 CRC error
11:54:59.528 | 0f 7f 0a f4 15 6c 16 ce 1a d6 1b df 24 82 2c 22  |  -94 CRC error
11:55:00.573 | 0f c3 09 24 1f ed 28 1a 2a 3a 2b 83 21 c2 2a 08  |  -89 CRC error
11:55:01.090 | 0f c5 09 3c 28 82 21 3f 27 94 20 fd 5d 96 21 62  |  -93 CRC error
11:55:01.351 | 0f c6 09 48 2b 83 13 28 25 19 22 8d 26 32 12 2c  |  -94 CRC error
11:55:02.130 | 0d c9 09 64 21 91 15 55 2b 61 29 54 2a 55 22 a9  |  -90 CRC error
11:55:02.389 | 0f ca 09 78 16 e4 19 69 24 b9 28 88 1c 72 23 1d  |  -90 CRC error
11:55:03.165 | 0d cd 09 9c 24 f0 1d 08 18 5d 19 a4 25 1a 18 32  |  -94 CRC error
11:55:03.943 | 0f d0 09 40 26 6c 1c ad 29 bc 19 7c 22 0a 21 bb  |  -89 CRC error
11:55:05.238 | 4f 55 09 fc 9e a5 25 19 25 63 55 da 28 bd 1f 0d  |  -93 CRC error
11:55:05.761 | 0f d7 0a 14 17 3b 14 c0 0c 6b 20 c3 2f 67 10 4e  |  -93 CRC error
11:55:06.014 | 0f d8 0a 20 2c 77 17 b9 30 4d 2c 78 1e f7 22 52  |  -90 CRC error
11:55:06.278 | 0f d9 0a 2c 26 05 1c c2 28 6a 23 ad 2e 35 14 dc  |  -90 CRC error
11:55:06.794 | 0a db 0a 44 1d 3a 14 0a 2a 94 14 a2 a4 75 25 c7  |  -91 CRC error
11:55:07.050 | 0f dc 0a 50 2e 2c 0e 13 12 94 2d 24 22 91 14 98  |  -95 CRC error
11:55:09.127 | 0f e4 0a b0 1d bc 20 d5 21 15 13 17 21 55 25 6a  |  -95 CRC error
11:55:09.898 | 0f a7 0a d4 1a 02 20 cd 2e 2a 15 d5 14 d5 19 9e  |  -92 CRC error
11:55:10.410 | 8f e9 0a ec 38 f4 26 59 18 00 1d d2 03 81 1a 80  |  -91 CRC error
11:55:11.199 | 0f ed 4b 10 17 9b 1d 3d 1b a8 20 41 20 55 20 ca  |  -94 CRC error
11:55:12.498 | 0f e1 0b 4c 26 79 18 bd 21 d4 25 e9 14 ed 22 44  |  -89 CRC error
11:55:13.023 | 0a b3 0b 64 14 ef 19 ef 18 9c 28 8e 27 24 16 76  |  -91 CRC error
11:55:15.608 | 0f dd 0b dc 24 fb 2a 8a 22 04 19 2e 1a 5b 22 90  |  -93 CRC error
11:55:15.860 | 0f de 0b e8 12 6e 2c e1 2b 94 17 1d 19 e8 26 f4  |  -95 CRC error
11:55:16.901 | 0f 02 0c 18 10 68 30 6e 24 9d 22 f5 26 f2 29 42  |  -90 CRC error
11:55:18.452 | 0f 08 0c 60 28 4a 23 a8 1e 23 28 43 14 0b 25 56  |  -89 CRC error
11:55:18.715 | 0f 09 0c 6c 29 d6 2e 3a 14 6e 2e 25 2a 95 2d 21  |  -92 CRC error
11:55:18.975 | 0b 02 0c 70 1d 29 1b 11 19 c1 1c b2 17 7a 16 6e  |  -88 CRC error
11:55:20.006 | 0f 0e 0c a8 20 8f 2b f9 25 49 20 cc 24 24 21 16  |  -94 CRC error
11:55:21.045 | 0f 12 0c d8 1a 83 28 c0 14 51 21 2b 25 29 19 01  |  -90 CRC error
11:55:21.567 | 05 14 0c f0 25 03 2e f7 25 c0 15 e9 1e eb 1b 18  |  -93 CRC error
11:55:22.079 | 0d 12 0d 08 17 30 23 06 0b ab 20 52 19 37 1a 09  |  -94 CRC error
11:55:22.607 | 0f 18 0d 40 10 f9 23 1c 17 ef 1b 57 1a 59 19 4b  |  -90 CRC error
11:55:23.125 | 0f 1a 6d 55 15 54 a4 c8 9f 09 20 37 20 8c 24 b8  |  -90 CRC error
11:55:23.635 | 8d 15 0d 48 26 df 15 e1 20 a0 17 a2 20 87 21 6a  |  -88 CRC error
11:55:24.159 | 0f 5e 15 68 21 5a 26 88 13 ba a1 55 2d 5d 25 9b  |  -96 CRC error
11:55:24.406 | 0f 1f 0d 54 19 c4 0f 0f 15 af 23 e4 1e 76 2a 23  |  -93 CRC error
11:55:24.673 | af 20 0d 80 14 3d 14 c3 1e 59 1c 7d 2c 36 18 81  |  -88 CRC error
11:55:25.706 | 0b 24 2d b0 20 f3 18 a9 48 a8 a0 56 4b aa b6 2a  |  -92 CRC error
11:55:25.969 | 0d 25 0d bc 12 47 28 04 12 7b 1c c6 2d ea 1a a3  |  -93 CRC error
11:55:27.268 | 0f 2a 0d f8 19 ef 20 48 1f 62 28 34 20 3d 1e 57  |  -90 CRC error
11:55:28.042 | 0d 25 0d 1a 4b 52 31 19 25 2a 65 55 69 29 20 4b  |  -90 CRC error
11:55:29.340 | 4f 32 86 58 1a 4f 26 a7 1f 07 19 d3 1a 40 29 d1  |  -89 CRC error
11:55:31.158 | 0f 39 0e ac 17 37 23 34 1a 65 2e ca 23 c3 28 06  |  -89 CRC error
11:55:31.412 | 0f 3a 0e b8 24 72 28 04 97 a5 2a 8b 5d 4b 2b 23  |  -90 CRC error
11:55:31.679 | 17 3b 0e c4 29 92 19 14 32 25 23 ab 14 96 1a 31  |  -90 CRC error
11:55:31.935 | 0f 2c 0e d0 21 ae 19 1b 23 8e 3f 3a 21 2d 20 21  |  -91 CRC error
11:55:32.706 | 0f 2f 0e f4 22 75 22 19 13 51 2a 9a 21 eb 1d 96  |  -94 CRC error
11:55:32.973 | 0f 40 0f 00 15 d4 1b 08 24 99 19 59 1d e7 30 0b  |  -89 CRC error
11:55:34.049 | 0f 44 aa 95 5a ab 57 04 b5 56 aa 56 95 53 1c 3e  |  -94 CRC error
11:55:34.519 | 0f 46 0f 48 28 02 1c 2b 20 11 25 99 25 d7 20 4b  |  -95 CRC error
11:55:35.441 | 8f 49 0f 6c 23 1e 12 d1 1b a4 2b 56 0c bf 28 eb  |  -90 CRC error
11:55:37.376 | 0f 51 4f 4c 2c b8 23 20 9b 0a 1d 2d 21 50 1c 1c  |  -95 CRC error
11:55:41.258 | 9b 6a 90 a0 8a aa b6 6d 1e 52 24 f6 2a 42 26 b2  |  -92 CRC error
11:55:43.602 | af 69 55 54 95 23 25 e8 1d 69 1e 4a 12 c1 14 b2  |  -91 CRC error
11:55:43.850 | 4b 6a 10 f8 21 b9 12 fe 10 c4 56 5a 22 b5 32 f3  |  -93 CRC error
11:55:46.190 | 0d 73 11 64 1c bd 21 3a 2f 0e 2c d5 2a bb 55 ea  |  -93 CRC error
11:55:51.636 | 0f 89 52 60 32 58 32 0d 27 db 29 0d 25 17 2a 7b  |  -94 CRC error
11:55:53.968 | 07 95 12 c8 26 a8 16 58 68 ad 22 de 1d 3f 1a 4a  |  -92 CRC error
11:55:54.740 | 0d 14 12 f1 22 94 2c 97 1b 35 26 5f 1d 8b 18 fd  |  -95 CRC error
11:55:54.995 | 0f 95 12 fc 2e a7 21 4d 1c 89 27 01 26 17 28 09  |  -95 CRC error
11:55:55.522 | 0f 97 13 14 1c 5a 28 e0 1e 1f 1a 87 21 db 22 a8  |  -94 CRC error
11:55:57.849 | 0a a2 12 90 58 95 14 29 2b 55 29 53 30 97 25 2d  |  -90 CRC error
11:55:58.368 | 0f a2 13 98 20 a5 11 03 19 b3 1d 13 29 ab 28 2c  |  -89 CRC error
11:55:58.892 | 0f a4 13 b0 1a 5a 1a b6 1e 0d 2f b9 10 58 14 fc  |  -94 CRC error
11:56:01.226 | 0f 6d 15 1c 59 72 2c ac 17 b4 1f 19 25 ac 1d 21  |  -94 CRC error
11:56:04.068 | 0f b8 14 a0 33 c8 28 2a 1c 05 13 2a 9c 45 25 16  |  -89 CRC error
11:56:04.859 | 0d bb 14 c4 1d f8 1a 17 1a 91 1a a7 2a 4b f5 4b  |  -89 CRC error
11:56:05.110 | 0f bc 14 d0 18 08 17 d9 1b 89 27 15 2a 6b 20 99  |  -94 CRC error
11:56:05.633 | 0f 96 12 a8 29 0b 1f c4 20 49 14 55 16 cb 28 21  |  -92 CRC error
11:56:07.954 | 0f 45 15 54 18 e7 1c 0b 2a 0d 10 e4 2c 0b 19 17  |  -92 CRC error
11:56:08.222 | 0f c8 15 60 24 52 25 65 12 69 1f 29 24 a5 1e 06  |  -93 CRC error
11:56:08.478 | 2f c9 15 6c 0f b7 17 6d 1f 65 1e af 20 6c 1b 1e  |  -89 CRC error
11:56:09.782 | 0f da 15 a8 24 7e 1c d4 10 95 1a 99 5d 5d 15 f7  |  -90 CRC error
11:56:11.094 | 0e d3 15 e5 19 6a 14 9d 2a 2b 5d a0 16 26 2a 6a  |  -90 CRC error
11:56:11.857 | 0f d2 12 8a 95 2a a8 5a 1f 3c 26 d5 00 00 20 ab  |  -87 CRC error
11:56:12.894 | 0b db 56 38 20 2b 1e 2c 14 a8 09 4c 1f ae 29 4e  |  -90 CRC error
11:56:13.140 | 0f db 16 44 27 23 1f b7 1d f9 17 25 27 40 18 3e  |  -90 CRC error
11:56:13.408 | 0f dc 16 50 18 c9 12 ce 30 49 1b 19 2c 85 22 60  |  -94 CRC error
