11:53:04.262 | 0d 02 a0 18 14 a0 1e b0 25 3b 5b 16 b7 aa a3 88  |  -94 CRC error
11:53:04.525 | 0f 03 00 24 1d a2 16 c2 25 4e 1f 4c 27 a4 35 bf  |  -95 CRC error
11:53:05.050 | 0f 05 00 3c 20 56 1c 2f 1e 24 17 07 1a ca a7 ae  |  -99 CRC error
11:53:06.087 | 0f 09 00 6c 12 cd 2a 26 29 7b 19 a8 26 2d 8e 0e  |  -97 CRC error
11:53:06.864 | 07 0c 00 90 20 4d 20 c8 f9 6b 1d d7 14 34 1f f0  |  -95 CRC error
11:53:11.002 | 0d 1c 01 50 25 53 2c 4c 30 94 2b ea 9f 91 16 ab  |  -98 CRC error
11:53:11.523 | af 1e 01 48 59 51 2c b7 22 c3 13 a2 19 89 19 37  |  -96 CRC error
11:53:15.931 | 4f 2f 02 34 5c 8a 2e 28 24 44 14 4b 0b 9e a3 8f  |  -98 CRC error
11:53:16.197 | 0f 30 02 60 28 01 2d 49 7e 8c 18 08 1c 1c 19 f5  |  -95 CRC error
11:53:16.975 | 0d 33 02 64 1a c5 2a 2a 1f 01 18 65 2b d6 15 9a  |  -92 CRC error
11:53:17.752 | 0f 36 02 88 0f 0a 19 b5 14 14 24 3a 17 91 19 f5  |  -98 CRC error
11:53:20.078 | 0f 3f 02 b4 24 b4 2b c8 25 2c 1f b1 17 6b 13 e6  |  -96 CRC error
11:53:24.221 | 8f 4d 22 b4 1c a5 22 0b 21 ed 22 4c 15 2a 28 34  |  -95 CRC error
11:53:25.009 | 0d 52 4b da 13 d7 1d ce 21 0d 22 db 26 73 11 7c  |  -93 CRC error
11:53:25.786 | 0f 55 03 5c 4f 4b 20 a1 25 62 2b 5e a9 15 1f 3b  |  -97 CRC error
11:53:27.332 | 0f 5b 16 44 27 2a a4 c5 20 42 18 9d 15 a8 17 cb  |  -94 CRC error
11:53:27.602 | 0f 5c 04 50 22 6b 5d 47 1c f3 32 40 25 95 2c 4e  |  -98 CRC error
11:53:28.122 | 2b 56 25 68 1d c1 28 f6 28 2b 1a c3 11 57 29 51  |  -98 CRC error
11:53:29.931 | 8f 65 04 bc 15 d3 1d c5 18 8a 1d 6c 19 0a 27 55  |  -96 CRC error
11:53:31.481 | 0f 6b 05 04 26 2f 1b d0 1d b9 12 c0 13 32 0e d4  |  -93 CRC error
11:53:32.268 | 0b 4a 05 28 2d 2d 1a e1 1c 39 14 31 26 95 21 01  |  -98 CRC error
11:53:33.293 | 1f ea 00 00 00 5f 9a 1e 25 95 54 f5 17 40 21 56  |  -89 CRC error
11:53:33.562 | 0d 73 05 64 28 be 2a a5 1d 45 35 17 22 88 1a 48  |  -95 CRC error
11:53:33.815 | af ad ad 6a aa ad 10 49 1d 4c 1a bd ad 93 96 95  |  -90 CRC error
11:53:34.594 | 0f 76 05 94 23 fa 12 34 1a 82 24 e8 22 5b 26 78  |  -96 CRC error
11:53:35.111 | 0f 79 05 ac 19 35 2a 19 1d 08 5c b6 19 94 19 73  |  -94 CRC error
11:53:40.029 | 4f 4c 07 b0 95 5a a1 52 29 4e 30 2b 17 5b 1a f5  |  -98 CRC error
11:53:44.708 | 0e 9e 07 68 1a fa 10 b2 2f 87 17 6e 1b 78 2a 8f  |  -95 CRC error
11:53:45.991 | 0f a3 07 ad aa bb 5a df 5a 68 35 d2 27 af 26 9e  |  -94 CRC error
11:53:47.299 | 0b a8 27 e2 b3 93 21 6e 16 df 1f 26 14 92 1b 52  |  -95 CRC error
11:53:50.142 | 2f b3 08 64 16 48 f9 55 1e 56 23 2b 20 e8 1e 97  |  -94 CRC error
11:53:55.854 | 0e c9 49 6d 21 aa 55 b5 57 29 b5 55 2b 59 26 9d  |  -94 CRC error
11:53:56.372 | 2f cb 09 84 17 45 26 fa 25 0e 22 15 29 57 13 a3  |  -94 CRC error
11:53:57.412 | 0b cf 09 b4 18 ec 13 9d 26 cf 22 3f 1c 5b 22 5b  |  -96 CRC error
11:53:58.707 | 0e 94 09 70 0d bd 2c c1 2b 5e 34 cd 20 4d 0d 94  |  -96 CRC error
11:54:01.293 | 0b da 4a 68 1f 51 25 c8 1f 4e 22 a8 1f 90 27 f2  |  -97 CRC error
11:54:01.547 | 0d d7 2a 55 2a ae 52 52 2c 9a 5f e5 2b aa 15 b6  |  -98 CRC error
11:54:02.077 | 0f e1 0a 8d 56 85 16 b6 1d c1 1e b7 aa b5 5a bd  |  -95 CRC error
11:54:08.552 | 8f ba 0b 39 1f 5d 24 2f 16 a9 28 cb 3a d3 32 54  |  -96 CRC error
11:54:09.590 | 0b fe 0b 98 12 ae 2c a1 2b 95 17 5f 19 5e 27 74  |  -97 CRC error
11:54:11.406 | 8f 05 0d 34 14 b3 15 39 11 f4 14 83 14 7d 1e 45  |  -98 CRC error
11:54:12.178 | 0e a9 2a f8 aa ea ab b8 1e 23 28 47 14 0a 21 5e  |  -91 CRC error
11:54:12.963 | cf 0b 0c 84 1f d3 05 49 21 d6 1a a8 1e ef 29 f4  |  -95 CRC error
11:54:13.741 | 0f 0d 4c a8 20 cf 2a d9 25 48 b4 cc 2c 24 a1 1e  |  -98 CRC error
11:54:13.993 | 0f 0f 0c b4 1b d4 1e d1 2d 17 15 b1 23 a3 29 02  |  -96 CRC error
11:54:14.773 | af ba ac dc 5a 93 28 c0 14 51 21 6a 05 e9 19 01  |  -89 CRC error
11:54:15.816 | 0f 16 15 08 17 30 23 06 2b aa a0 d2 a9 55 2a 29  |  -96 CRC error
11:54:16.060 | 0f 57 0d 14 1d b8 15 2e 1c 2d 13 c2 1c eb 27 92  |  -98 CRC error
11:54:17.100 | 0f 1b 0d 44 1a 1e 16 85 26 4f 50 ac 1c 51 27 19  |  -95 CRC error
11:54:17.620 | 0f 1d 0d 5c 1a d7 20 f7 24 c9 17 1e 1d 39 2b 63  |  -95 CRC error
11:54:17.889 | 0f 1e 0d 68 21 5a 25 88 1b b5 21 75 2d 5f 27 9b  |  -94 CRC error
11:54:18.146 | 0f 1f 0d 74 19 44 0b 0f 17 b7 23 e4 1e 7e 2a 23  |  -94 CRC error
11:54:18.914 | 0f 22 0d 98 22 30 19 83 20 e6 2c 43 16 62 a0 14  |  -90 CRC error
11:54:19.186 | 0f 22 09 24 15 55 48 53 22 82 19 74 0e 34 1c 69  |  -92 CRC error
11:54:19.435 | 0f 24 0d b0 20 f3 18 a9 19 ac 20 62 8f f8 22 4c  |  -94 CRC error
11:54:20.482 | 0f 28 0d e0 2b 85 15 cb 23 9b 1c 79 1d 21 24 11  |  -93 CRC error
11:54:20.730 | 0f 29 0d ec 0c 97 16 e6 15 71 19 3e 95 55 28 ce  |  -90 CRC error
11:54:20.998 | 0f 0a d5 f8 19 ef 20 48 1f 63 7c 00 20 3d 1e 57  |  -89 CRC error
11:54:21.773 | 0f 2d 0e 1c 23 76 21 19 25 0a 25 bf 28 29 20 4b  |  -93 CRC error
11:54:22.038 | 0f 2e 0a 28 27 62 27 54 1d 3b 24 18 22 17 1e 71  |  -93 CRC error
11:54:22.290 | 0f 2f 0e 34 1b 56 1d 45 58 4a 2a ac 12 ae 1b a2  |  -94 CRC error
11:54:22.552 | 0f 30 0e 40 22 e9 2a d5 09 01 1f a7 18 c0 2b 65  |  -90 CRC error
11:54:23.330 | 0f 33 0e 64 2c a2 16 1e 2c 11 20 80 14 06 25 9f  |  -92 CRC error
11:54:23.583 | 0f 34 0e 70 1e 0c 1e 5a 24 54 23 6a 1a 5d 24 8e  |  -94 CRC error
11:54:23.851 | 0b 35 0e 7c 1f 6f 1c d5 25 f8 1f 9d 21 e0 27 04  |  -94 CRC error
11:54:24.104 | 0f 36 0e 88 25 08 20 9b 07 99 22 50 26 81 25 b1  |  -94 CRC error
11:54:24.364 | 0f 37 0e 94 24 61 2a 1c 25 a7 17 88 26 df 15 74  |  -94 CRC error
11:54:24.877 | 0f 19 0e ac 17 3f 23 34 1a 65 2a ce 23 c2 a8 06  |  -91 CRC error
11:54:25.145 | 0f 2a 0e b8 24 72 28 04 0f a0 20 97 1d 0b 1b 23  |  -91 CRC error
11:54:25.407 | 0f 3b 0e c4 29 92 19 14 22 2e 22 fb 1c 96 1e 31  |  -90 CRC error
11:54:25.656 | 0f 3c 0e d0 21 ee 11 1b 23 8e 1d ba 21 2d 20 21  |  -95 CRC error
11:54:25.919 | 0f 3d 0e dc 22 be 19 27 11 60 1f 9e 23 23 1f 38  |  -94 CRC error
11:54:26.184 | 0f 3e 0e e8 2d 22 28 33 29 83 22 a5 23 b4 17 43  |  -93 CRC error
11:54:26.440 | 0f 3f 0e f4 22 75 22 19 13 51 22 9a 21 eb 1d 96  |  -95 CRC error
11:54:26.960 | 0f 51 0f 04 20 00 22 23 14 47 21 d5 16 5d 16 a3  |  -91 CRC error
11:54:27.214 | 4f 42 0d 18 27 05 20 b7 16 5e 20 f4 1c 9e 25 16  |  -91 CRC error
11:54:27.991 | 0f 45 0f 3c 1f bd 1a d9 19 2d 18 0a 27 02 24 b1  |  -95 CRC error
11:54:28.253 | 0f 46 0f 48 20 03 1c 2b 20 11 25 99 25 df 20 6b  |  -94 CRC error
11:54:28.510 | 0f 47 0f 54 2a d7 14 89 1f 19 1e 10 1f b0 8f 55  |  -94 CRC error
11:54:29.284 | 0f 48 8f 78 18 e8 1c 21 1f 67 1f a3 22 b4 29 44  |  -91 CRC error
11:54:29.553 | 0f 4b 0f 84 1c e1 28 89 16 e4 13 b6 20 6d 2b 19  |  -91 CRC error
11:54:29.815 | 0b 4c 0f 90 1a 88 1a f6 5a 32 20 85 2b 62 2e d7  |  -94 CRC error
11:54:30.061 | 0f 45 0f 9c 25 a3 14 99 18 4c 15 0c 22 de 23 8c  |  -95 CRC error
11:54:30.323 | 0f 4e 0f a8 2d 10 15 c4 11 11 15 19 23 81 23 41  |  -94 CRC error
11:54:30.590 | 0f 4f 0f b4 1d 27 14 20 1a 0b 1b 9a 19 93 1c 5c  |  -93 CRC error
11:54:31.097 | 0f 51 0f cc 2c b8 23 20 1b 0e 1d 2d 21 50 1c 1c  |  -90 CRC error
11:54:32.394 | 0f 56 10 08 20 26 2b e9 2c 0e 2d 46 18 4a 2b c5  |  -94 CRC error
11:54:32.663 | 0f 57 10 14 19 49 26 b2 24 98 15 c1 1f 89 30 a2  |  -95 CRC error
11:54:33.170 | 0f 59 10 2c 1c 15 25 d3 22 b3 13 98 29 3a 1b ad  |  -90 CRC error
11:54:33.443 | 0f 5a 10 38 36 88 29 b5 0d 5d 23 b7 23 41 1c 1b  |  -89 CRC error
11:54:33.690 | 0f 5b 10 44 21 cd 1f ae 1a 77 2d 39 14 bf 21 72  |  -91 CRC error
11:54:33.960 | 0f 5c 14 00 ae ff ff ff 5f ff fe a8 00 14 25 b1  |  -94 CRC error
11:54:34.465 | 0f 5e 10 68 1e ad 1f da 12 8f 12 0a 25 50 2b fe  |  -92 CRC error
11:54:34.735 | 0f 5f 10 74 2d 40 1d 99 19 5e 23 f3 11 46 29 70  |  -93 CRC error
11:54:34.986 | 0f 60 10 80 19 fc 16 6f 1a a2 24 f6 2a 42 24 b2  |  -90 CRC error
11:54:35.255 | 0f 61 10 8c 29 6a 55 ad 21 37 24 97 9c 6a 11 66  |  -90 CRC error
11:54:36.552 | 0f 66 10 c8 18 ed 1f 72 18 d5 25 93 16 df 12 20  |  -93 CRC error
11:54:36.810 | 0f 67 10 d4 1c 5b 17 97 16 bb 2d ab 1d da 94 73  |  -95 CRC error
11:54:37.068 | 0f 28 10 e0 98 01 27 b7 22 f4 24 f9 1e 4f 21 fd  |  -91 CRC error
11:54:38.363 | 0b 24 91 1a a9 2b 5f 0b 1c 2d 24 67 1b 7c 1d 77  |  -91 CRC error
11:54:38.885 | 0f 6f 11 34 26 cb 25 f3 28 19 22 a2 9f c4 1d a7  |  -94 CRC error
11:54:39.404 | 0f 71 11 4c 20 02 0e df 20 22 25 73 26 8a 2e 15  |  -90 CRC error
11:54:39.703 | 0f 72 11 59 2d ee 23 a9 22 7e 18 84 25 34 1e e4  |  -89 CRC error
11:54:39.909 | 0b 73 11 64 14 bd 21 7e 1f 0e 2c f5 2a 9a 18 e0  |  -90 CRC error
11:54:40.177 | 17 74 11 70 21 5a 15 ce 0d 99 2b d2 22 ed 18 ad  |  -92 CRC error
11:54:40.430 | 0f 75 11 7c 21 4f 1f 4c 15 ea 1e ab 15 d8 2a 6a  |  -94 CRC error
11:54:41.992 | 0f 7b 11 c4 1f d4 2a 8c 30 7e 23 c6 15 6a 1f 48  |  -90 CRC error
11:54:42.250 | 0f 7c 11 50 28 fc 19 dc 27 3b 1c 5c 15 8e 20 88  |  -93 CRC error
11:54:42.512 | 0f 7d 11 dc 24 e3 28 7b 21 81 2c 7c 1b 45 16 f4  |  -93 CRC error
11:54:42.764 | 0f 7e 11 e8 12 b6 17 4c 2b d1 22 07 1e e8 1b 26  |  -93 CRC error
11:54:43.033 | 0d 7f 11 f4 1a f9 2b 25 20 7d 28 a6 2e b2 1b 8e  |  -92 CRC error
11:54:43.284 | 0f 80 12 00 21 98 32 1e 1e 4c 15 bb 19 d7 1c 62  |  -88 CRC error
11:54:43.802 | 0f 82 12 18 21 a0 15 af 1b 4b 2d d2 19 3b 20 75  |  -90 CRC error
11:54:44.068 | 0f 83 12 24 18 f0 15 45 21 b7 12 15 16 ad 1b 2a  |  -90 CRC error
11:54:44.329 | 0f 84 12 30 19 71 26 9b 21 f2 1e a2 1a 7d 19 a0  |  -92 CRC error
11:54:44.586 | 0f 85 12 3c 18 5c 14 cb 14 bc 2a 0e 1c 78 1e bb  |  -94 CRC error
11:54:44.845 | 0f 86 12 48 24 c6 1e a1 23 7e 23 2e 26 a5 25 13  |  -94 CRC error
11:54:45.368 | 0d 88 12 60 32 58 32 0f 26 db 29 0d 25 5b 2a 6b  |  -93 CRC error
11:54:45.620 | 0f 89 12 6c 1a 4c 20 18 1c b2 22 65 22 16 21 b7  |  -93 CRC error
11:54:46.391 | 0f 8c 12 94 19 eb 29 58 18 b9 60 70 1b 8e 29 42  |  -92 CRC error
11:54:47.166 | 0a 8f 12 b4 1d 84 7c 6a 29 43 27 33 29 41 27 4a  |  -96 CRC error
11:54:49.503 | 0f 98 13 20 1e 01 26 75 22 8f 29 67 14 6f 25 84  |  -93 CRC error
11:54:50.024 | 0f 9a 13 38 1c 67 2e aa 10 00 00 00 00 20 10 00  |  -91 CRC error
11:54:50.290 | 0f 9b 13 44 21 9c 1c 2f 0f 3a 21 4f 1c e7 23 4c  |  -91 CRC error
11:54:50.809 | 0f 9d 17 5c 30 3f 28 89 22 f9 27 d7 11 72 27 7f  |  -95 CRC error
11:54:51.063 | 0f 9e 13 68 16 14 22 70 21 7e 25 9c 25 74 20 00  |  -94 CRC error
11:54:52.623 | 0f a4 93 b0 33 48 12 f6 1e 0d 2f b9 10 78 14 fc  |  -93 CRC error
11:54:52.873 | 0b a5 13 ba 25 d7 0a 0d 11 36 30 56 1b a9 1c 8f  |  -93 CRC error
11:54:53.650 | 0f a8 13 e0 27 70 22 d9 0e 8c 1d fa 1d c8 22 71  |  -91 CRC error
11:54:53.917 | 0f a9 13 ec 1c 43 2b b7 0c 25 15 fd 22 ea 8b ca  |  -91 CRC error
11:54:54.431 | 4f ab 14 84 2a 2b 21 56 19 92 31 3e 24 8a 25 79  |  -92 CRC error
11:54:55.206 | 0f ae 14 28 29 87 22 b7 22 38 29 0b 1b d1 21 91  |  -95 CRC error
11:54:55.473 | 0b af 14 34 18 14 22 0c 18 3c 02 9f 1d 53 25 65  |  -96 CRC error
11:54:58.840 | 0d b5 54 d4 18 18 17 99 2b 8b 25 15 2a 7b 14 99  |  -95 CRC error
11:55:05.839 | 0e b7 56 14 29 c1 2c 1d 1e 75 27 bc 11 65 25 0d  |  -93 CRC error
11:55:11.277 | 0f ec 97 10 1f 28 21 49 20 ad a3 b5 1c 01 30 62  | -101 CRC error
11:55:11.796 | 0e ce 27 2c ad 5a a5 36 1d 2c 2e 22 20 92 15 49  | -100 CRC error
11:55:12.570 | 9d b1 17 4c 17 ac fe 85 18 54 1a d3 28 2b 56 57  |  -98 CRC error
11:55:24.239 | 0f 1e 19 68 15 0a 1d 6d 23 5d 2b 25 19 13 20 60  |  -97 CRC error
11:55:25.271 | 0f 22 19 98 16 2a 1f 92 22 f4 1c d9 1c 0b 24 1e  |  -95 CRC error
11:55:25.540 | 0f 23 1a ad 55 55 6b 75 2a 81 17 56 1a 52 16 e8  |  -92 CRC error
11:55:25.793 | 2f 24 19 b0 1b 0d 18 9e 22 49 9e 49 1c 6b 28 5a  |  -94 CRC error
11:55:27.352 | 0f 2a 19 f8 26 02 23 55 20 ff 11 55 2d 2d 19 ff  |  -90 CRC error
11:55:28.128 | 0f 2d 1a 57 52 55 2a aa aa aa 10 25 11 3a b5 5d  |  -93 CRC error
11:55:28.395 | 0e 2a 1a 28 14 5a ba a3 39 5b 1b e7 2b e6 2a dc  |  -95 CRC error
11:55:28.648 | 0f 2f 1a 34 27 3c 25 37 2e dc 14 a7 24 9a 1f c1  |  -94 CRC error
11:55:28.899 | 0f 30 1a 40 14 5a 20 78 23 2e 18 c3 18 48 1b 61  |  -90 CRC error
11:55:29.167 | 0f 31 1a 2c 17 76 24 d1 19 19 1b 39 18 5b 20 f7  |  -90 CRC error
11:55:29.430 | 0f 32 1a 58 24 89 26 c8 23 54 12 8f 24 44 78 e6  |  -93 CRC error
11:55:30.460 | 0f 36 1a 88 22 6b 16 d1 2e ca 14 7e 31 2f 20 e3  |  -95 CRC error
11:55:31.765 | 0f 1b 1a d4 14 05 18 b2 29 29 2b 42 29 4b 29 39  |  -93 CRC error
11:55:32.024 | 05 3c 1a d5 52 02 56 b5 16 8a 2a aa a2 d1 20 a4  |  -95 CRC error
11:55:32.791 | 1e 2f 1a b4 22 2f 14 e3 20 6b 1a 51 20 c0 23 9a  |  -96 CRC error
11:55:33.580 | 0f 42 1b 18 21 84 28 21 21 56 24 a6 25 0d 2b 9d  |  -92 CRC error
11:55:33.836 | 0f 43 1b 24 26 4f 20 b0 23 66 15 8d 20 05 12 df  |  -94 CRC error
11:55:35.649 | 0f 4a 1b 68 2f 5d 25 40 1e b8 1e 6c 1f d8 22 af  |  -93 CRC error
11:55:37.467 | 0b 51 1b cc 0a 54 15 47 12 0d 23 c6 25 3a 1e 92  |  -93 CRC error
11:55:38.243 | 0f 54 3b f0 19 af 1f 46 25 7b 23 12 1b a4 14 8b  |  -96 CRC error
11:55:40.831 | 0d 5a 14 28 55 1a 29 ca 25 48 1a 52 21 d5 4d 04  | -100 CRC error
11:55:41.868 | 0f 62 1c 98 2c 3e 13 80 a8 ec 26 61 1d ad 23 40  |  -90 CRC error
11:55:48.611 | 0f 7c 55 d0 8f ab 2e d8 19 aa 54 b5 57 b4 ad 9c  |  -98 CRC error
11:55:51.712 | 0f 88 1a 40 22 20 05 5f ff f7 57 bf ff f5 00 15  |  -98 CRC error
11:56:07.004 | 0f 8b 21 a5 5d 65 2a 59 16 d1 24 f4 90 95 2b b2  |  -98 CRC error
11:56:13.230 | 0d 5b 22 44 1a d2 1e 97 1a a2 28 4f 25 18 11 62  |  -95 CRC error
11:56:15.314 | 06 e3 22 a4 1a 0b 2a d5 1f 5f 2a 3d 2a b5 57 75  |  -97 CRC error
11:56:16.607 | 0f 68 22 de 5b f4 15 32 21 96 1e ac 1c d4 9a e0  |  -96 CRC error
11:56:22.568 | 4b fe 23 f6 1a 9d 15 75 27 49 2a 57 1d f2 20 ea  | -100 CRC error
11:56:23.345 | 0f 02 04 1d 1f 47 1c 83 1d 11 1e da 2c ca 17 25  |  -94 CRC error
11:56:24.645 | 0b 11 e5 54 2d ac 29 cf 1a 0c 67 6b 16 33 2d 69  |  -84 CRC error
11:56:28.011 | 0f 14 24 f0 18 99 18 56 24 1c 16 ed 17 0e 12 95  |  -96 CRC error
11:56:29.051 | 0b 1a aa aa b5 56 aa 2a a3 35 1d 9a 1d ed 7a ae  |  -93 CRC error
11:56:30.855 | 0f 1d 21 54 24 29 1b b5 25 0c 24 56 1b 4e 1c db  |  -95 CRC error
11:56:31.903 | 0f 23 25 24 24 92 28 98 1a 66 a9 0b 28 91 24 98  |  -93 CRC error
11:56:32.161 | 0f 24 25 b0 2d c5 35 3f 25 8b 21 c4 18 ca 1e 94  |  -97 CRC error
11:56:36.567 | 0f 35 26 7c 25 1b 21 b9 26 30 29 87 22 4a 1e 3c  |  -98 CRC error
11:56:36.817 | 0f 36 26 aa af 41 2a ce 18 d8 e4 d6 21 05 26 f1  |  -97 CRC error
11:56:37.337 | 19 38 2a a0 25 d2 14 16 1f 51 23 55 2a 66 21 69  |  -98 CRC error
11:56:41.746 | 05 69 25 6c aa 58 5a 2d 27 37 23 6f 20 03 fa bf  |  -90 CRC error
11:56:43.817 | 0f 51 27 c4 27 a8 14 c5 23 a4 36 55 24 e1 1c b7  |  -91 CRC error
11:56:45.120 | 0f 56 28 08 a6 6c 18 79 0f 86 25 d6 35 40 1b 88  |  -97 CRC error
11:56:45.378 | 17 57 28 14 2a 96 1d b4 25 e3 1c c5 25 12 23 33  |  -96 CRC error
11:56:47.192 | 0f 5e 28 68 1e aa 2a c5 21 58 27 98 12 d3 2a 89  |  -96 CRC error
11:56:47.448 | 0f 5f 28 74 14 db 1c cd 21 98 1a eb 24 93 1d 1f  |  -95 CRC error
11:56:47.701 | 0f 60 28 88 0f 4e 22 50 13 7c aa a8 1d 43 24 aa  |  -91 CRC error
11:56:50.035 | 0f 69 28 ec 20 2d 21 59 1d 44 1e 44 20 d6 22 b7  |  -92 CRC error
11:56:50.301 | 0f 2a 28 d8 26 55 1c 5f 12 ac 2b f4 8f a0 22 c0  |  -95 CRC error
11:56:54.189 | 0d 79 29 ac 2a 6d 1a bb 33 0a 24 88 ab be ac 7d  |  -94 CRC error
11:56:55.231 | 0f 75 29 dc 26 86 1c bc 14 ab 18 47 20 61 1a bc  |  -96 CRC error
11:56:56.516 | 0f 82 2a 18 23 e1 1e aa 2c 98 0b 0e 1e d6 1f 6b  |  -93 CRC error
11:56:57.303 | 8f 85 2a 1c 21 08 22 1c 14 cd 27 c8 2a e7 25 e3  |  -96 CRC error
11:56:57.813 | 55 96 aa 55 16 bc a8 c1 2b f5 8a 0b 27 32 16 1b  |  -96 CRC error
11:56:58.332 | 0a a9 2a 6c 26 bd 1e a6 21 2b 17 29 17 40 29 c6  |  -92 CRC error
11:57:00.662 | 0b 9a 2a dc 19 cb ae 9a 14 8d 29 de 05 ff ff fd  |  -88 CRC error
11:57:01.184 | 0f 94 2a b0 2c 77 13 85 21 27 1e b0 1c f4 15 63  |  -96 CRC error
11:57:01.451 | 0f 95 2a fc 1b 03 1b 4a 1f 07 26 27 26 af 24 ab  |  -98 CRC error
11:57:01.955 | 0b 97 2b 14 2b 37 1d 0c 2a 52 25 87 1f d8 1d 74  |  -98 CRC error
11:57:02.224 | 0f 98 2b 22 9a a6 2a d6 0f 58 55 7a 99 b1 2b bd  |  -94 CRC error
11:57:03.265 | 8f 2d 2b 52 a1 8b 17 3c 24 a0 26 24 26 5d 9e af  |  -94 CRC error
11:57:03.518 | 0f 95 2b 5c 15 3a 0e 21 1e b1 1d 12 14 8c 19 c1  |  -98 CRC error
11:57:04.810 | 0e a2 2a 98 15 54 1c d8 23 a2 25 fa 1e bd 0b de  |  -94 CRC error
