15:34:52.612 | 1a 00 00 00 00 e0 39 98 5b ff 83 47 55 3d b4 54 ad cc 7f 76 c8 e0 ff 7f 00 9e  |  -94 CRC error
15:34:52.861 | 1a 01 00 40 18 00 c8 54 67 d5 0c a0 aa ca 54 55 b3 4c ab 25 3d cc 5a 99 cc 12  |  -91 CRC error
15:34:53.130 | 1a 02 00 c0 f2 a0 3a 00 32 ff 03 c0 d3 ca 30 0f d2 83 ea e0 c9 2c a5 9e 4c 78  |  -90 CRC error
15:34:53.382 | 1a 03 00 88 2a c3 3c 64 b0 b4 43 26 dc ca e0 55 f7 43 58 45 cb a8 a4 07 cf bf  |  -94 CRC error
15:34:53.650 | 1a 04 00 00 c0 13 3e 2c 01 9e 4c f8 4f 3b 64 c2 99 4c f5 10 3e a8 f0 ad 0c de  |  -93 CRC error
15:34:53.903 | 1a 05 00 40 d8 03 c8 cc 5a e1 03 2d 83 3f a8 32 b4 03 0d 20 3d 00 96 b4 cc 0c  |  -93 CRC error
15:34:54.156 | 1a 06 00 c0 52 25 cd 30 99 d5 4c 75 86 3f 98 01 d2 42 c6 93 c9 cc 68 cc c3 ff  |  -94 CRC error
15:34:54.426 | 1a 07 00 80 aa d5 ca 78 a4 ff 0c 9e d9 ca 2c 97 99 cc 8c 89 3f 2c 97 80 4c 15  |  -95 CRC error
15:34:54.684 | 1a 08 00 00 60 36 3b 98 67 99 03 e0 90 c9 54 69 e1 0c 6d 76 38 cc fe ff 83 4a  |  -92 CRC error
15:34:54.945 | 1a 09 00 40 78 96 39 fc f1 99 cc 2c c3 cc 78 68 07 cf 72 39 cb 98 23 f8 c1 0c  |  -95 CRC error
15:34:55.199 | 1a 0a 00 c0 92 06 c8 98 33 d5 8c e7 cf 3c 98 69 80 5d f5 ca 3c 54 67 7a c0 cc  |  -93 CRC error
15:34:55.985 | 1a 0d 00 40 98 79 f0 84 ab e6 8c 4a 05 c8 cc a4 99 43 46 75 c8 78 fe 80 cc a1  |  -95 CRC error
15:34:56.761 | 1a 10 00 00 20 fc 3f 48 99 e1 cc 81 76 c8 84 33 87 cc 9f 86 3f d0 fe aa 4c 86  |  -93 CRC error
15:34:57.282 | 1a 12 00 c0 d2 a4 ce d0 cc 99 0c 53 1f 3e 00 f0 87 53 6c b6 d4 82 aa f5 43 22  |  -90 CRC error
15:34:57.802 | 1a 14 00 00 e0 3f cb 78 5a ff 0c cd 53 3d 84 c3 80 8c b9 75 c8 30 a5 99 cc d2  |  -93 CRC error
15:34:58.055 | 1a 15 00 40 f8 af 3a 98 97 80 83 74 c9 3c 24 fa cb cc 12 3f 3b 1c aa 80 8c ca  |  -90 CRC error
15:34:58.312 | 1a 16 07 c0 12 b0 cc e0 01 f8 43 86 06 c8 b4 a4 9e 8c d4 5c 3d d0 68 ff 83 4a  |  -90 CRC error
15:34:58.576 | 1a 17 07 80 ea 80 3f d0 f0 aa 4c b8 15 3e cc 96 7f 40 06 5f cd 2c 69 80 8c 34  |  -91 CRC error
15:34:59.097 | 1a 19 07 40 38 13 3e 98 cd 9e 03 ed 6f ce 54 67 d2 03 9e 26 2d 78 3c 99 43 46  |  -91 CRC error
15:34:59.618 | 1a 1b 07 80 4a b5 cc 84 67 b4 8c c7 fc cf 48 45 4b c3 bf 3a 3b 50 54 b3 0c 0d  |  -92 CRC error
15:34:59.870 | 1a 1c 07 00 a0 d5 ca 78 5a e1 4c 58 05 f0 a8 98 d5 8c 14 ff 3f 1c 98 b3 43 55  |  -95 CRC error
15:35:00.126 | 1a 5d 07 44 b8 95 c9 78 c2 b3 8c 47 7a c8 cc 32 9e 8c ca a3 ca 54 99 cb cc 0c  |  -93 CRC error
15:35:01.167 | 1a 25 05 41 78 a9 ca 98 3d e6 4c cb f3 3b 48 99 ff a3 32 cc 2a 54 ab 9e 4c 75  |  -96 CRC error
15:35:01.436 | 1a 22 07 c0 92 89 3f fc 69 ff 8c 94 16 ce cc 0e d5 44 15 40 88 00 55 80 0c c0  |  -95 CRC error
15:35:02.212 | 1a 25 07 40 b8 5a 3e 1d 54 9e c3 5f 0a c8 1c 66 87 0c 60 76 38 a8 0e b3 03 c0  |  -95 CRC error
15:35:02.463 | 1a 26 07 c0 32 ec 39 65 54 99 8c 54 45 cb 1c fe 78 40 18 3f cb 54 0f cb cc cc  |  -96 CRC error
15:35:02.732 | 1a 27 07 80 ca dc ca 2c 67 e1 03 00 50 cd 1c a4 e6 43 eb 32 cb 30 ff d2 cc d2  |  -94 CRC error
15:35:03.252 | 1a 29 07 40 18 ef 39 e0 a5 ff c3 ac 35 3b 2c cd cc c3 c1 d3 ca 98 cd aa 8c 34  |  -93 CRC error
15:35:03.505 | 1a 2a 07 c0 f2 ef c9 00 aa e6 c3 ec 30 cb 1c fe 99 0c 60 66 3e 00 f0 aa 4c 29  |  -94 CRC error
15:35:03.758 | 1a 2b 19 80 0a d0 3a aa aa b3 cc 52 25 f5 b4 fe ad 8c 8a 29 3d d0 00 86 8c b4  |  -91 CRC error
15:35:04.547 | 1a 2e 19 c0 32 83 3f cc 5a 78 80 08 00 00 40 24 99 0c c0 2c 3d 30 cd d5 43 1a  |  -96 CRC error
15:35:04.807 | 1a 2f 19 80 ca a3 3a 48 97 f8 cc 32 a3 ca a8 54 e1 43 55 f5 07 e0 99 9c cc 7f  |  -96 CRC error
15:35:05.062 | 1a 30 19 00 40 b5 cc 1c 00 e6 0c 53 85 3f 2c 97 cb 00 00 00 14 40 80 08 80 42  |  -95 CRC error
15:35:05.328 | 1a 31 19 40 58 25 3d 64 96 f8 83 ca cc cc 30 97 9e c3 d2 03 c8 d0 54 b3 c3 d2  |  -95 CRC error
15:35:05.587 | 18 32 19 c0 b2 05 c8 98 f1 ff 43 b8 6a 3e e0 67 b4 4c 75 09 c8 30 c3 f8 43 18  |  -93 CRC error
15:35:05.833 | 9a b3 19 80 6a 26 3d d0 d2 d2 8c 34 f3 4a 04 00 cb 43 6b 42 0d 60 ad ad a5 54  |  -94 CRC error
15:35:06.360 | 1a 35 19 40 98 96 c9 78 00 f8 43 c6 23 cd a8 98 aa 0c 80 6a b8 2c 5b d2 83 87  | -100 CRC error
15:35:06.877 | 9a 37 19 80 aa 39 cb 30 a5 d5 83 0a 2f 3d 1c a4 fa 03 be 6a 3e cc 96 d5 83 19  |  -96 CRC error
15:35:07.131 | 1a 38 19 00 40 3a ca aa 95 00 8c 2a 0c c8 cc c2 87 8c b9 a5 ca fc 55 b4 c3 ec  |  -98 CRC error
15:35:07.400 | 1a 39 19 40 58 7a 38 d0 3c aa cc 61 f9 3f 48 3d f8 83 67 39 3b d0 0e e6 43 86  |  -95 CRC error
15:35:08.176 | 1a 3c 19 00 40 0c 3e 54 f1 f8 83 e7 5f 3d 30 97 b4 4c 75 f6 3f cc aa 9e 8c 2a  |  -96 CRC error
15:35:08.426 | 1a 3d 19 40 d8 dc ca 1c 0e b4 8c aa 2a bd 54 0f 99 8c 34 33 ca a8 96 b5 4b 2a  |  -95 CRC error
15:35:08.699 | 1a 3e 19 c0 12 ef c9 d0 f0 ad 4c 46 ca aa 84 25 c5 1a b2 ac ca dc 32 d6 a3 d9  |  -98 CRC error
15:35:09.476 | 1a 41 1e 40 18 f0 3f 00 0e b4 c3 a1 d5 ca 78 aa fa c3 41 f5 cf a8 66 b3 4c ab  |  -96 CRC error
15:35:10.243 | 1a 44 1e 0a d5 55 34 ca a4 a6 8a ca 57 cb 54 55 aa 0c 33 f3 07 fc 97 9e 83 87  |  -95 CRC error
15:35:10.513 | 1a 45 1e 40 d8 03 c8 fc ff 2a 8f 4a 7a c8 98 c3 aa 0c 13 10 3e 00 fe b4 0c de  |  -97 CRC error
15:35:10.767 | 1a 46 1e c0 52 f5 3f d0 32 d5 43 95 39 3b 2c 0f d5 03 19 80 3f 98 ff d5 8c 14  |  -94 CRC error
15:35:11.555 | 1a 49 1e 40 78 56 3d d0 54 9e 8c 87 36 cb 2c c3 ff 43 ab e5 39 b4 a4 99 0c 20  |  -93 CRC error
15:35:11.808 | 1a 4a 1e c0 92 26 05 e0 5b 9e 0c c0 4c 3b 84 3d 99 cc 41 75 c8 30 cd ff 4c 75  |  -92 CRC error
15:35:12.060 | 1a 4b 1e 80 6a 69 3e d0 5a e6 03 33 c3 3c 48 55 80 0c 73 b6 cc cc 5a 4b 43 68  |  -95 CRC error
15:35:12.329 | 1a 4c 1e 00 80 c9 3c a8 32 99 0c 20 1c 3e a8 32 b2 0c 00 90 c9 fc f1 b3 8c f9  |  -94 CRC error
15:35:12.581 | 1a 4d 1e 40 98 89 07 d0 68 e6 43 f5 ef c9 2c c3 b4 4c 35 53 3d 30 3d 87 ff ff  |  -96 CRC error
15:35:12.855 | 1a 4e 1e c0 52 ba cc 84 99 99 43 98 a9 3a 54 99 d2 83 ea 20 3d 98 ab d2 43 d8  |  -97 CRC error
15:35:13.103 | 1a 4f 1e 80 aa 1a 3e b4 f0 99 cc 1f 70 c8 98 f1 99 4c 58 c5 3c 48 33 cb 4c cb  |  -95 CRC error
15:35:13.371 | 1a 50 1e 00 20 8c 3f cc 5a 80 cc 0c ef 39 64 98 e6 83 ea 1f 3e 64 cc aa 8c f9  |  -95 CRC error
15:35:13.627 | 1a 51 1e 40 38 1c 3e a8 00 00 cf b2 b5 cc d0 00 d5 03 cd 13 3e 88 02 e1 43 66  |  -94 CRC error
15:35:14.404 | 1a 54 1e 00 e0 cf cc 78 54 e6 43 ab d5 ca e0 ab d5 43 b5 5a 3d d0 96 ff 03 c0  |  -97 CRC error
15:35:14.917 | 1a 56 2a d2 96 c0 3c fc f5 ff 8b 39 6c ce e0 ff b3 43 75 36 cb 84 ff ff 0c c0  |  -96 CRC error
15:35:15.444 | 1a 58 2a 00 20 53 3d 54 67 b4 43 0b 90 f1 30 67 cb 03 20 8c 3f 48 3d b3 8c c7  |  -97 CRC error
15:35:16.217 | 1a 5b 2a 80 4a d5 57 d4 a5 b5 6d 8d 0c a8 64 54 cb c3 9d d9 3a 2c a5 b4 43 35  |  -96 CRC error
15:35:16.472 | 1a 5c aa aa a2 95 c9 54 75 67 d5 55 15 1e 78 98 59 0f 40 d5 ca b4 98 e1 cc 5f  | -100 CRC error
15:35:16.739 | 8a 5d 2a 40 aa f5 35 78 68 80 4c 46 35 cb 2c 33 aa 03 ba a5 3f e0 3d 4c 0c b3  |  -98 CRC error
15:35:17.512 | 5a 60 2a 00 60 89 3b 00 0e 87 c3 72 b6 cc 1c 96 e6 83 27 dc 3a cc 9a aa 83 39  |  -98 CRC error
15:35:18.032 | 1a 62 2a c8 92 89 07 e0 cd 87 8c 87 89 3f cc 3c b4 c3 9b 56 aa ad 4a b3 4d 55  |  -99 CRC error
15:35:18.558 | 5a 64 2a 02 a0 1a ce 54 cd 87 0c b3 65 3e 48 a5 ff ff b4 a3 c9 78 2c d5 83 59  |  -96 CRC error
15:35:19.075 | 1a 66 2a c0 32 1c 3e e0 5b ad 0c 00 6f c8 98 ab 99 4c c6 63 3e 78 c2 1e 0f de  |  -97 CRC error
15:35:19.859 | 1a 69 2a 40 18 cf 3c e0 99 e1 43 ab 95 c9 84 0f aa 8c aa ca 3c 98 f1 aa 43 d5  |  -97 CRC error
15:35:20.896 | 1a 6d 2d 40 f8 e0 c9 78 00 d5 43 b5 9a c9 e0 01 a1 0c 2d d3 ca 00 aa 9e 43 cb  | -100 CRC error
15:35:21.196 | 1d 5e ad d0 32 f3 cf 98 33 d2 c3 01 1f 3e 30 3d b3 c3 c5 a3 ca d0 cc 87 cc 41  |  -97 CRC error
15:35:21.411 | 1a 6f 2d 80 ca e3 39 fc 0f cc 03 de 4c cb e0 99 d2 43 86 16 3e 84 41 b4 c3 01  |  -99 CRC error
15:35:22.193 | 1a 72 2d c0 b6 75 c8 54 5b d2 03 fe d0 ca b4 9a aa 43 eb 4f 3b 00 54 87 cc cc  |  -95 CRC error
15:35:22.447 | 1a 73 2d 82 6a b6 cc e0 ab d2 4c 4b 1a 3e b4 54 ad 0a af 5a ef 7f f3 d2 c3 52  |  -94 CRC error
15:35:22.713 | 1a 74 2d 00 80 86 3f 1c 5a 80 03 b3 d5 3a 84 c3 cb 83 b9 6a ce 78 98 ff 43 35  |  -96 CRC error
15:35:23.224 | 5a 76 2d c5 72 aa ca e8 95 ab 55 58 15 2e 04 4a 4b 2c 48 aa aa 49 35 19 af c1  |  -94 CRC error
15:35:23.997 | 9a 79 2d 42 58 ca 3c b4 3c d2 0c f3 60 3e 2c 01 e1 c3 ac ca 3c a8 98 cc 83 87  |  -96 CRC error
15:35:24.525 | 1a 7b 2d 80 2a 0c d0 a8 c2 f8 43 6b 19 06 84 55 d5 44 06 df ca fc 97 f8 83 d9  |  -95 CRC error
15:35:24.777 | 1a 7c 2d 00 c0 ac ca 98 5b b4 c3 c1 74 c8 cc ca cc 8c aa 75 c8 1c 54 ff c3 21  |  -97 CRC error
15:35:25.296 | 1a 7e 2d c0 12 8f cf 1c 32 cc 4c e6 a0 3a 84 f1 ad 03 a0 9a c9 fc 99 ad c3 f2  |  -98 CRC error
15:35:25.566 | 1a 7f 2d 80 ea da 48 78 a4 b3 cc a1 95 c9 30 01 cc 43 26 43 3b cc 0e d2 c3 0c  |  -96 CRC error
15:35:26.087 | 1a 81 33 40 18 60 ce 84 5b b3 cc b2 9a c9 84 99 ff 43 d5 9c c9 00 3c 99 4c 41  |  -95 CRC error
15:35:27.117 | 5a a5 2b 54 da b3 3b b5 6a 55 2d 2d 6c ce 84 fe aa 0c ad 7d 56 e4 df fb 53 a8  |  -95 CRC error
15:35:27.633 | 1a 87 33 80 aa d5 3a 30 f1 b3 0c fe 50 3d 84 33 cc 8c d4 23 3d b4 fe ff 83 79  |  -96 CRC error
15:35:28.155 | 1a 89 33 40 78 96 c9 e0 0f 55 83 f9 8f 3f e0 97 b3 83 e7 50 3d 1d 66 d5 8c ea  |  -93 CRC error
15:35:28.418 | 1a 8a 33 c8 92 66 06 48 cd aa 8c 2a 43 35 a8 52 55 83 54 a9 49 95 59 d4 83 2b  |  -94 CRC error
15:35:28.678 | 1a 8b 33 80 6a 59 cd 48 cd 80 4c 38 0c c8 98 0f b3 0c b3 ca 3c cc c2 e6 83 14  |  -96 CRC error
15:35:30.239 | 1a 91 33 40 b8 ec c9 2c 0f 4b 0f 6d d6 ca d0 66 b3 8c f7 50 cd e0 3d ad cc 2c  |  -92 CRC error
15:35:30.492 | 1a 92 33 c0 d2 5c 02 0c 3f ff 43 55 0a 38 e0 cd f8 83 59 d5 3a b4 fe b4 83 07  |  -93 CRC error
15:35:30.745 | 1a 93 33 80 0a 9f 39 48 cd ad cc 7f 36 3b 78 54 cb c3 9f 46 cb cc 54 cc 0c f3  |  -95 CRC error
15:35:31.014 | 1a 94 33 20 e0 0d c8 98 cd 9e 8c 14 af 3a e0 3d b3 43 55 6a 3e fc a5 99 cc 52  |  -96 CRC error
15:35:31.268 | 1a 95 33 40 f8 4f cb e0 c3 82 28 15 25 3d 64 fe e6 00 01 00 22 00 22 12 04 a4  |  -97 CRC error
15:35:31.537 | 1a 96 34 c0 12 70 c8 54 01 cc 8c c7 d3 3a cc cc d5 43 06 10 3e e0 c3 aa c3 cc  |  -95 CRC error
15:35:31.789 | 1a 97 34 80 ea 90 c9 54 99 61 40 d8 0c c8 78 f0 b4 cc 4c 35 cb fc 33 99 0c 33  |  -96 CRC error
15:35:32.058 | 1a 98 34 00 22 03 c8 48 09 99 8c 74 59 3d 64 aa d5 83 27 8c 3f d1 98 d2 8c 74  |  -93 CRC error
15:35:32.562 | 1a 9a 34 c0 d2 d3 3a 64 a4 d5 43 eb 1f ce 64 54 d5 c3 9b e6 c9 14 3c ad 8c 47  |  -94 CRC error
15:35:32.832 | 1a 9b 34 80 4a 95 c9 a8 68 b4 c3 ff 0f c8 30 67 ff 43 18 1f 3e 64 cc 80 4c c6  |  -98 CRC error
15:35:33.352 | 1a 9d 34 40 b8 95 3e 98 b3 99 4c 58 55 3d 1c fe 87 0c de bc cc 1c 98 f8 43 d8  |  -97 CRC error
15:35:34.125 | 1a a5 25 15 62 99 4d 2a a5 b2 93 3e 4b 13 5e aa 95 4a d5 d4 2d 64 cc cb 8c e7  |  -94 CRC error
15:35:34.908 | 1a a3 34 80 4a aa cd 98 ab cb 03 de 2c bd 2c b3 4c 8f d7 5d cb fc a5 b3 0c fe  |  -97 CRC error
15:35:35.160 | 1a a4 54 00 a0 ea 3f 84 99 b4 cc 12 90 c9 fc ab f8 6c 26 6c 2e cd 00 f8 93 54  |  -97 CRC error
15:35:35.684 | 1a a6 34 c0 32 5c 3d 30 5b aa 4c c6 53 05 b4 68 87 4c 58 b5 3c e0 5b ca 83 a5  |  -96 CRC error
15:35:36.455 | 1a a9 34 40 19 2f 3d a8 fe ad 03 3e b3 cc 30 a5 99 8c 07 00 f0 00 96 d2 c3 ac  |  -94 CRC error
15:35:36.976 | 1a ab 4b 80 0a 60 c8 00 cc 52 c0 e6 cf 3c 65 aa a3 ab d5 6c d6 a5 29 4b c5 55  |  -95 CRC error
15:35:38.271 | 1a b0 4b 00 40 95 39 e0 ab b3 43 26 a3 ca 78 96 d5 83 27 bc 3c 2c 01 ad 8c 54  |  -95 CRC error
15:35:38.542 | 1a b1 4b 40 58 25 3d e0 aa f8 83 6a 06 c8 b4 bc 9e 0c de ac ca e0 97 ff 83 39  |  -95 CRC error
15:35:38.793 | 1a b2 4b c0 b2 d5 ca fc 3d e6 03 20 33 cb 00 a4 b3 43 35 8c 3f 48 99 f8 c3 a1  |  -95 CRC error
15:35:39.835 | 1a b6 4b c0 72 b9 cc 2c 0f 9e 43 f8 5f 3d b4 98 9e 83 6a d6 3a d0 a4 7f 00 4d  |  -96 CRC error
15:35:40.356 | 1a b8 4b 00 42 ba cc 64 3c ff 03 93 46 3b d0 a4 b3 c3 41 5a 3d 48 c3 9e 8c 67  |  -93 CRC error
15:35:40.609 | 1a b9 4b 40 58 5a bd 2c cd d2 82 aa c9 cc bc 55 07 4f 06 df 3a 98 5b b3 03 53  |  -97 CRC error
15:35:40.877 | 1a aa aa ca b2 4a aa aa 54 e9 52 aa ac 39 a8 66 9e 4c d5 2c 3d 84 f1 80 8c 8a  |  -97 CRC error
15:35:41.130 | 1a bb 4b 80 2a ac 3a 4c 5a b3 43 78 a6 ca 64 5a f8 83 27 a3 ca 88 c3 cc c3 cc  |  -97 CRC error
15:35:41.383 | 1a bc 4b 00 c0 6c 3e b4 c2 80 4c 0b 50 cd 00 66 d2 03 33 3c cb 00 f0 87 0c b3  |  -97 CRC error
15:35:41.652 | 1a bd 4b 40 da fc 3f 78 0e ff 03 b3 da 3a cc 66 80 43 98 89 3f fc 33 d5 03 be  |  -96 CRC error
15:35:42.174 | 5a bf 4b 80 ea df 3a 84 67 b3 03 1e 2f 3d cc cc d5 c3 df ac ca 64 96 e1 4c 26  |  -98 CRC error
15:35:42.432 | 1a c0 4c 00 00 70 c8 54 0f cb c3 0c 8f 3f d0 32 aa 4c c6 d3 3a e0 01 aa 8c e7  |  -97 CRC error
15:35:42.695 | 1a c1 4c 40 18 f0 3f 48 aa cb 03 2d b3 3c b4 fe 55 00 7e 66 3e 78 32 aa 83 8a  |  -94 CRC error
15:35:42.951 | 1a c2 4c 80 f2 00 c8 48 1d d2 4c 15 e0 39 b4 54 cc 2b be b5 cc 84 a5 aa c3 d2  |  -94 CRC error
15:35:43.201 | 1a c3 4c 80 2a f3 3f 98 f1 cb 8c f4 20 cd 48 3d d5 8c 67 79 c8 64 c2 f8 cc 12  |  -94 CRC error
15:35:43.469 | 1a c4 4c 00 c0 23 c9 a4 cb ac c3 5f 55 3d 48 0f e6 c3 1b 6f ca a0 5a 80 0c 73  |  -97 CRC error
15:35:43.990 | 1a c6 4c c0 52 55 4d d0 96 96 c3 32 43 cb 30 0f 99 8c 79 39 cb 64 3c 99 43 38  |  -95 CRC error
15:35:44.244 | 1a c7 4c 80 aa b5 3c 48 cd 80 cc 72 d9 3a 58 c2 d2 c3 52 81 34 48 ab d5 cc cc  |  -98 CRC error
15:35:44.513 | 1a c8 4c 00 60 d6 ca 1c 34 cb 83 47 49 0a 20 54 cc c3 ac 8a 3f 84 01 49 0c be  |  -93 CRC error
15:35:44.758 | 1a c9 4c 40 78 ff ff 1c 98 b4 43 eb ef ff fd 5d df 5b df da aa f5 b7 5d bf 5d  |  -95 CRC error
15:35:45.279 | 1a cb 4c 80 6a 49 3a a8 54 b3 8c d4 df ca e0 01 99 4c eb c0 3c d0 5a 96 83 47  |  -93 CRC error
15:35:45.803 | 1a cd 4c 40 98 a9 ca 00 f6 ff c3 12 b0 3c 9a 5b cc 23 4a da ca 48 0f cb 43 c6  |  -98 CRC error
15:35:46.323 | 1a cb 4c 84 aa ba 3c 85 b1 9e 8c 99 39 cb b4 c3 99 cc df 13 3e 54 5b 99 4c b5  |  -97 CRC error
15:35:47.100 | 1a da 4c c0 d2 2c 3d 78 8e f8 cb 61 b6 04 b4 0e d2 83 8a 26 cd fc ab 97 0c fe  |  -94 CRC error
15:35:48.392 | 1a d7 52 80 ea 40 3b 54 3d aa 03 20 1c 06 54 67 80 8a 25 6c 80 82 24 95 55 55  |  -98 CRC error
15:35:48.661 | 1a da 52 00 20 13 ce d0 68 b4 0b b3 0a f0 98 55 e1 cc 92 86 3f d0 fe 99 4c a6  |  -94 CRC error
15:35:48.919 | 1a d9 52 40 38 33 cb b4 00 e1 43 26 bc cc 48 67 9e 8c 59 8a cf b4 3c aa 43 d8  |  -92 CRC error
15:35:50.476 | 1a df 52 80 8a 76 a8 e8 a5 80 43 a6 15 cd 4a 89 ff 83 07 4f 4b 48 65 5f 00 ad  |  -94 CRC error
15:35:50.730 | 1a e0 52 00 60 a9 ca 00 cc 9e cc 8c 36 cb a8 aa e6 43 26 3c 3b 64 32 cc 83 14  |  -94 CRC error
15:35:51.251 | 1a e2 52 c0 92 c9 04 cc 66 d2 c3 81 f6 3f 78 5a cb cc cc fc bf 84 f1 cc c3 5f  |  -93 CRC error
15:35:52.026 | 9a e5 52 40 b8 6a 06 54 ab cb ac ac 95 c9 84 33 81 0c 1e 90 b9 98 5b aa 8c 39  |  -96 CRC error
15:35:52.295 | 1a e6 52 c0 32 5c 3d 64 c2 cb 43 7f 89 cf 1c 37 bf ed f7 7f e5 48 ff ad cc bf  |  -97 CRC error
15:35:52.548 | 5a e5 52 82 aa 2c 3d d0 00 80 8c 39 8c cf 60 67 b4 c3 df 1c 3e fc ff cc 03 9e  |  -97 CRC error
15:35:52.803 | 1a a9 52 02 10 6e df 75 32 9e 83 0a 12 16 a4 ab e9 d3 2c 13 ca 64 cc db eb 55  |  -94 CRC error
15:35:53.111 | 1a e9 52 40 18 bf f4 a8 fe b3 0c b3 b5 3f f6 90 e6 43 c6 ec c9 1c 96 d2 03 60  |  -95 CRC error
15:35:53.325 | 1a ea 52 c0 b2 9f c9 e0 69 f0 43 26 55 05 30 33 d2 03 b3 0a c8 54 f1 cb 43 4d  |  -92 CRC error
15:35:53.594 | 1a ab 55 80 0a 00 c8 b4 cc b3 cc 8c e6 c9 84 0f f8 83 d4 83 37 b4 0a d2 0c cd  |  -94 CRC error
15:35:54.888 | 1a f0 55 00 40 a5 ca 94 96 ff 43 18 bf 2c a8 0e 9e cc 7f 06 c8 54 c3 d5 43 cb  |  -95 CRC error
15:35:55.148 | 1a b1 55 40 58 35 cb 20 69 ca 82 b9 7a c8 a8 cd ee 8c 13 af 3a fc f1 99 8c 4a  |  -92 CRC error
15:35:55.410 | 1a f2 55 c0 b2 d5 3a d0 5a b3 cb 52 ea 31 98 99 a6 03 cd 9c 39 64 f2 e6 83 b4  |  -95 CRC error
15:35:55.915 | 1a f4 55 00 80 46 cb 00 5a ff cc ac 05 c8 54 cd b3 8c 99 49 3b 84 97 e6 c3 89  |  -97 CRC error
15:35:56.436 | 1a f6 55 40 72 a9 ca 54 ae a0 ac aa ec a9 b4 a8 d2 53 55 7a c8 1c 00 b4 4c 86  |  -96 CRC error
15:35:56.959 | 1a f8 55 04 40 da ca a8 aa e1 03 33 93 c9 1c aa 9e cc 4c 85 cf 54 ff b4 c3 7f  |  -95 CRC error
15:35:57.226 | 1a f9 55 40 58 9a c9 b4 5a 99 0c 2d 83 cf fc f1 b3 03 3e 9c c9 54 a5 b4 cc 41  |  -97 CRC error
15:35:58.002 | 1a fc 55 00 c0 1c ce 98 0f e1 23 3e 43 cb d0 54 cb 8c b9 85 3f 48 33 d2 43 cb  |  -96 CRC error
15:35:58.773 | 1a ff 55 80 ea 7f c8 84 c3 aa cc f2 70 38 00 5a e6 4c 55 2a 3d e0 3d ad 83 ea  |  -95 CRC error
15:35:59.042 | 5a 20 61 05 00 00 ca 8c 4a ad 4c b8 85 2a d2 aa b5 4b d6 bd 2d 30 01 7a 80 ca  |  -95 CRC error
15:35:59.295 | 1a 01 61 40 18 e0 c9 4a 55 f9 43 29 43 c8 b4 0e cb 03 9e 99 c9 30 a5 d5 cc 72  |  -97 CRC error
15:35:59.556 | 1a 02 61 c0 f2 00 38 2c 67 00 0f 76 a6 ca 98 99 99 4c eb 4b 4b 64 de cc 8c 47  |  -95 CRC error
15:36:00.331 | 1a 05 61 40 d8 a3 3a 78 aa 87 03 d3 73 38 84 ff 99 83 27 ac 3a 98 69 f8 03 4d  |  -97 CRC error
15:36:00.857 | 1a 47 61 80 aa 65 3e 30 99 e9 43 ab 75 c8 a8 c2 a1 43 6b 55 2d e2 55 a1 13 ed  |  -95 CRC error
15:36:01.104 | 1a 08 61 00 60 b6 cc 48 55 9e cc b2 8a 3f 78 32 cb 0c 4d a5 3a 48 01 87 0c bf  |  -93 CRC error
15:36:01.625 | 1a 0a 61 c0 08 0a 3f 30 a5 d5 c3 e1 c0 3c 1c c2 a1 43 e6 ff 3f 48 69 b3 c3 7f  |  -94 CRC error
15:36:01.894 | 9a 0b 69 80 6a f9 3f 78 cd 77 55 55 7c f0 cc cc cb 02 a0 8a 3f fc f1 cc 8c ea  |  -93 CRC error
15:36:02.147 | 1a 0c 61 48 82 d9 3a e2 97 e6 4b 86 c9 3c a8 98 ff 43 4c 4a 2b 54 c3 99 4c c1  |  -98 CRC error
15:36:02.416 | 1a 0d 61 40 98 29 3d a8 0e ad 03 20 73 c8 d0 54 99 cc 6c b9 cc 84 cd aa 4c 58  |  -97 CRC error
15:36:02.669 | 1a 0e 69 c0 52 0a c8 ec 97 d5 14 f3 df ca 32 55 88 4c 38 ac ca a8 32 87 2c fe  |  -99 CRC error
15:36:03.451 | 1a 11 61 49 3a ad d5 a9 5a 95 55 25 32 ca b5 6a dd 52 d5 54 c8 32 b5 9e 88 f1  |  -95 CRC error
15:36:03.966 | 1a 13 61 80 0a 3f cb 64 68 ff 03 b3 e5 39 d0 54 b4 03 60 d9 ca 64 96 e1 83 94  |  -93 CRC error
15:36:04.232 | 1a 14 61 00 e0 df ca 78 00 ff 0c ed df ca 00 c2 e6 83 19 8f 3f 54 f2 d5 4b f2  |  -98 CRC error
15:36:05.525 | 1a 19 66 40 38 e3 c9 00 0e 9e 4c cb 43 3b 78 c2 d2 8c 79 e6 c9 00 66 e1 c3 32  |  -97 CRC error
15:36:06.047 | 1a 9b 26 a2 4a 85 3f e0 0b 2a 53 6b 39 cb fc 55 88 83 58 9a 3e 1c 5a 94 4a ab  |  -96 CRC error
15:36:06.298 | 1a 1c 66 00 a0 35 cb fc cd ad c3 01 0d c8 00 96 b4 c3 4c 8a c8 d4 c2 87 8c 74  |  -95 CRC error
15:36:06.819 | 1a 1e 66 c0 72 76 ca 49 5b b4 cc 72 59 3d b4 aa 87 4c 8b 66 ce f4 5b ff 4c 95  |  -96 CRC error
15:36:08.383 | 5a 24 66 00 a0 0a c8 78 fe ab 03 53 ca 3c 84 a5 80 4c 66 f6 07 2c f7 59 55 5a  |  -96 CRC error
15:36:08.635 | 1a 25 66 40 b8 9a 39 d0 54 cb 8c 0a 90 39 54 69 e1 c3 2c 4c ce 48 ff d2 83 47  |  -97 CRC error
15:36:08.889 | 1a 26 66 c0 32 8c 3f cc 98 9e 0c 20 d3 2f fc fd 87 0c b3 1a ce 64 66 99 43 75  |  -97 CRC error
15:36:09.930 | 1a 2a 66 c0 f2 cf 3c fc f1 80 cc 52 f5 3f 64 66 cb 8c ca 03 c8 98 3d f8 03 ad  |  -95 CRC error
15:36:10.200 | 1a 2b 78 80 0a 60 3e 78 98 ad 4c f5 2f 3d b4 c2 87 0c b3 4a cb d0 0e cc c3 bf  |  -93 CRC error
15:36:10.706 | 1a 2d 78 40 f8 e0 c9 cc 68 a7 0c f3 d0 ca 48 01 ad cc bf ba cc 30 33 80 4c 55  |  -96 CRC error
15:36:10.975 | 1a 2e 78 c0 32 43 cb 64 66 b4 8c ca 6c 3e 54 3d aa cc f2 90 c9 d0 0e f8 c3 81  |  -97 CRC error
15:36:11.228 | 1a 2f 68 80 ca 53 3d cc 5a e6 43 4b b5 3c b4 ca d2 43 18 af 3d e0 a5 ff 43 46  |  -96 CRC error
15:36:11.496 | 1a 30 78 00 40 95 c9 30 f1 d2 0c cd bc 3c 1c 00 ff 03 4d ba 3c 00 ca af 4d 49  |  -95 CRC error
15:36:11.750 | 1a 31 78 40 58 05 c8 b4 f0 4b 03 fe 04 c8 98 67 b4 8c aa ba cc 54 3d 07 4f 35  |  -96 CRC error
15:36:12.004 | 1a 32 78 c0 b2 25 3d fc c3 b3 0c 4d ba 3f d0 20 cc a5 c7 8c 3f 00 54 cc cc e1  |  -94 CRC error
15:36:12.273 | 1a 33 78 80 6a 16 ce 64 a4 b3 03 fe 10 ce 1c 0e 80 0c 60 a9 3a cc 00 ad cc 9f  |  -93 CRC error
15:36:12.534 | 1a 34 78 00 80 86 3f 84 01 f8 83 b4 a5 ca a8 5a 9e 8c 74 26 3d 98 5b aa 0c 7e  |  -96 CRC error
15:36:12.794 | 1a 35 78 40 98 f6 3f fc 67 e1 43 cb dc ca 2c ff ff 83 99 79 48 00 f0 b4 8c 2a  |  -96 CRC error
15:36:13.048 | 1a 36 78 c0 72 d9 ca 2c 01 80 4c 95 49 12 b0 99 99 0c a0 35 cb 1c 96 ad cc a1  |  -98 CRC error
15:36:13.301 | 1a 37 78 80 8a a9 ca 1c 66 d2 4c f8 d0 ca d0 a4 b4 c3 72 09 c8 fc cd ad 83 8a  |  -96 CRC error
15:36:13.570 | 1a 38 78 00 40 aa 3a 98 ab d2 43 58 0a c8 b4 68 d5 8c 07 6f 3e 54 55 aa 4c f8  |  -94 CRC error
15:36:13.824 | 1a 39 79 40 58 4a 3b fc 3d 9e 8c ca 23 3d b4 66 f8 0c 3e ec c9 78 c2 cb cc 0c  |  -95 CRC error
15:36:14.093 | 1a 3a 78 c0 b2 aa ca 64 68 cb 8c 0a f0 07 00 a4 80 0c 8d 69 3e 54 01 d5 83 27  |  -98 CRC error
15:36:14.346 | 5a 3b 7a 80 2a cc cc 64 9a cc 83 ea 92 c9 ea 33 9e 4c f5 1f 3e cc 98 f8 c3 c1  |  -98 CRC error
15:36:15.129 | 1a 3e 6a c0 12 6d ce 64 32 ca 8c c7 c2 cc 78 96 99 4c 4b ea c9 a8 aa b4 83 47  |  -96 CRC error
15:36:15.900 | 1a 41 2b 40 18 10 d8 00 24 b9 8c 25 ab 3a d0 54 87 4c cb 3c 3b 98 5b b3 8b 47  |  -94 CRC error
15:36:16.427 | 1a 43 af 80 2a f3 3f 54 d3 d2 43 e9 90 c9 30 c3 d2 83 87 e6 39 d0 aa f8 c3 4c  |  -95 CRC error
15:36:17.456 | 1a 47 7f 80 aa 25 cd 10 0c aa 03 73 79 3f 30 0f f8 03 e4 f0 3f b4 aa ff 43 f5  |  -98 CRC error
15:36:17.723 | 1a 48 7f 00 60 d6 ca 1c cc f8 83 2a 4c 3b 2c 3d b4 0c de 43 cb 84 cd aa 83 99  |  -95 CRC error
15:36:18.501 | 1a 4b 77 80 6a 19 3e 1c f0 cb 0c 73 39 3b a8 f0 9e c3 ac 0a c8 98 67 d5 0c f3  |  -97 CRC error
15:36:18.750 | 1a 4c 7f 00 80 29 3d 2c 95 10 c3 ec 2f 3d 64 3c 80 4c 6b 59 cd 64 66 e0 04 40  |  -97 CRC error
15:36:19.020 | 1a 4d 77 40 9a d9 4a 78 a4 e1 53 92 b9 3c 95 55 ad 43 18 90 c9 e0 cd 9e 4c 78  |  -95 CRC error
15:36:19.276 | 1a 4e 7f c1 52 6a ce 04 0e ad 83 2a 7c 38 01 0e ad 03 f3 e8 c9 5c 96 9e d4 41  |  -94 CRC error
15:36:20.048 | 1a 51 7f 40 38 1c ce 2c ab 9e 0c 22 53 3d e0 01 e6 83 39 73 c8 00 5a e1 43 f8  |  -91 CRC error
15:36:20.321 | 1a 52 7f c0 d2 ac ca 64 fe b3 4c b8 15 3e 48 ab d5 83 19 cf 3c 98 cd ad c3 1f  |  -92 CRC error
15:36:20.578 | 1a 53 7f 90 2a 8a 3f 64 b2 9e 4c 75 a9 ca dc 97 a6 ad 57 49 5c b4 b6 aa ab a5  |  -93 CRC error
15:36:21.359 | 1a 56 80 c3 12 04 c8 cc b2 d5 0c 13 1f ce e0 81 e6 cd 4c b5 3c 48 55 d5 4c 6b  |  -95 CRC error
15:36:22.132 | 1a 59 80 43 38 13 3e b4 2e ad 8c c7 9c c9 78 aa 9e c3 92 c9 cc 48 3d d5 83 59  |  -94 CRC error
